{
  "orderCreateFromCheckout": [
    {
      "operation": "mutation orderCreateFromCheckout($id: ID!) {\n  orderCreateFromCheckout(id: $id) {\n      order {\n    id\n  }\n  }\n}",
      "variables": {
        "id": "225"
      },
      "error_message": "To access this path, you need one of the following permissions: HANDLE_CHECKOUTS"
    },
    {
      "operation": "mutation orderCreateFromCheckout($metadata: [MetadataInput!], $removeCheckout: Boolean, $privateMetadata: [MetadataInput!], $id: ID!) {\n  orderCreateFromCheckout(id: $id, metadata: $metadata, privateMetadata: $privateMetadata, removeCheckout: $removeCheckout) {\n    order {\n  user {\n    storedPaymentSources {\n      paymentMethodId\n      gateway\n    }\n    editableGroups {\n      id\n      name\n    }\n    events {\n      id\n    }\n    permissionGroups {\n      name\n      id\n    }\n    id\n    email\n    checkout {\n      id\n    }\n  }\n  shippingTaxClassMetadata {\n    key\n    value\n  }\n  channel {\n    name\n    slug\n    taxConfiguration {\n      id\n    }\n    id\n  }\n  payments {\n    transactions {\n      id\n    }\n    id\n    gateway\n    checkout {\n      id\n    }\n    pspReference\n  }\n  shippingTaxClassPrivateMetadata {\n    key\n    value\n  }\n  billingAddress {\n    id\n  }\n  totalRemainingGrant {\n    currency\n  }\n  shippingTaxClass {\n    id\n    name\n  }\n  discounts {\n    value\n    id\n  }\n  privateMetadata {\n    value\n    key\n  }\n  lines {\n    digitalContentUrl {\n      url\n    }\n    id\n    variant {\n      id\n    }\n    quantity\n  }\n  events {\n    fulfilledItems {\n      id\n    }\n    id\n    app {\n      id\n    }\n  }\n  totalCaptured {\n    currency\n  }\n  giftCards {\n    code\n    id\n    product {\n      id\n    }\n    app {\n      id\n    }\n    boughtInChannel\n  }\n  shippingAddress {\n    id\n  }\n  totalChargePending {\n    currency\n  }\n  voucher {\n    channelListings {\n      id\n    }\n    id\n  }\n  invoices {\n    url\n    number\n    id\n  }\n  totalBalance {\n    currency\n  }\n  totalRefunded {\n    currency\n  }\n  fulfillments {\n    id\n    lines {\n      id\n    }\n  }\n  totalAuthorized {\n    currency\n  }\n  totalCharged {\n    currency\n  }\n  grantedRefunds {\n    app {\n      id\n    }\n    id\n  }\n  totalRefundPending {\n    currency\n  }\n  errors {\n    orderLines\n  }\n  totalAuthorizePending {\n    currency\n  }\n  metadata {\n    value\n    key\n  }\n  totalCancelPending {\n    currency\n  }\n  totalGrantedRefund {\n    currency\n  }\n  undiscountedShippingPrice {\n    currency\n  }\n  availableCollectionPoints {\n    name\n    id\n  }\n  discount {\n    currency\n  }\n  transactions {\n    checkout {\n      id\n    }\n  }\n  totalCanceled {\n    currency\n  }\n}\n  }\n}",
      "variables": {
        "id": "Q2hlY2tvdXQ6NzhlMGJkNjYtZGEyYS00OGJhLTk0ZTAtNDVlOTZiMTAwMDY1",
        "metadata": [
          {
            "key": "random_string_130",
            "value": "random_string_347"
          }
        ],
        "privateMetadata": [
          {
            "key": "random_string_577",
            "value": "random_string_152"
          }
        ],
        "removeCheckout": null
      },
      "error_message": "To access this path, you need one of the following permissions: HANDLE_CHECKOUTS"
    },
    {
      "operation": "mutation orderCreateFromCheckout($metadata: [MetadataInput!], $removeCheckout: Boolean, $privateMetadata: [MetadataInput!], $id: ID!) {\n  orderCreateFromCheckout(id: $id, metadata: $metadata, privateMetadata: $privateMetadata, removeCheckout: $removeCheckout) {\n    order {\n  user {\n    storedPaymentSources {\n      paymentMethodId\n      gateway\n    }\n    editableGroups {\n      id\n      name\n    }\n    events {\n      id\n    }\n    permissionGroups {\n      name\n      id\n    }\n    id\n    email\n    checkout {\n      id\n    }\n  }\n  shippingTaxClassMetadata {\n    key\n    value\n  }\n  channel {\n    name\n    slug\n    taxConfiguration {\n      id\n    }\n    id\n  }\n  payments {\n    transactions {\n      id\n    }\n    id\n    gateway\n    checkout {\n      id\n    }\n    pspReference\n  }\n  shippingTaxClassPrivateMetadata {\n    key\n    value\n  }\n  billingAddress {\n    id\n  }\n  totalRemainingGrant {\n    currency\n  }\n  shippingTaxClass {\n    id\n    name\n  }\n  discounts {\n    value\n    id\n  }\n  privateMetadata {\n    value\n    key\n  }\n  lines {\n    digitalContentUrl {\n      url\n    }\n    id\n    variant {\n      id\n    }\n    quantity\n  }\n  events {\n    fulfilledItems {\n      id\n    }\n    id\n    app {\n      id\n    }\n  }\n  totalCaptured {\n    currency\n  }\n  giftCards {\n    code\n    id\n    product {\n      id\n    }\n    app {\n      id\n    }\n    boughtInChannel\n  }\n  shippingAddress {\n    id\n  }\n  totalChargePending {\n    currency\n  }\n  voucher {\n    channelListings {\n      id\n    }\n    id\n  }\n  invoices {\n    url\n    number\n    id\n  }\n  totalBalance {\n    currency\n  }\n  totalRefunded {\n    currency\n  }\n  fulfillments {\n    id\n    lines {\n      id\n    }\n  }\n  totalAuthorized {\n    currency\n  }\n  totalCharged {\n    currency\n  }\n  grantedRefunds {\n    app {\n      id\n    }\n    id\n  }\n  totalRefundPending {\n    currency\n  }\n  errors {\n    orderLines\n  }\n  totalAuthorizePending {\n    currency\n  }\n  metadata {\n    value\n    key\n  }\n  totalCancelPending {\n    currency\n  }\n  totalGrantedRefund {\n    currency\n  }\n  undiscountedShippingPrice {\n    currency\n  }\n  availableCollectionPoints {\n    name\n    id\n  }\n  discount {\n    currency\n  }\n  transactions {\n    checkout {\n      id\n    }\n  }\n  totalCanceled {\n    currency\n  }\n}\n  }\n}",
      "variables": {
        "id": "Q2hlY2tvdXQ6NzhlMGJkNjYtZGEyYS00OGJhLTk0ZTAtNDVlOTZiMTAwMDY1",
        "metadata": [
          {
            "key": "random_string_458",
            "value": "random_string_924"
          }
        ],
        "privateMetadata": [
          {
            "key": "random_string_220",
            "value": "random_string_422"
          }
        ],
        "removeCheckout": false
      },
      "error_message": "To access this path, you need one of the following permissions: HANDLE_CHECKOUTS"
    },
    {
      "operation": "mutation orderCreateFromCheckout($metadata: [MetadataInput!], $removeCheckout: Boolean, $privateMetadata: [MetadataInput!], $id: ID!) {\n  orderCreateFromCheckout(id: $id, metadata: $metadata, privateMetadata: $privateMetadata, removeCheckout: $removeCheckout) {\n    order {\n  user {\n    storedPaymentSources {\n      paymentMethodId\n      gateway\n    }\n    editableGroups {\n      id\n      name\n    }\n    events {\n      id\n    }\n    permissionGroups {\n      name\n      id\n    }\n    id\n    email\n    checkout {\n      id\n    }\n  }\n  shippingTaxClassMetadata {\n    key\n    value\n  }\n  channel {\n    name\n    slug\n    taxConfiguration {\n      id\n    }\n    id\n  }\n  payments {\n    transactions {\n      id\n    }\n    id\n    gateway\n    checkout {\n      id\n    }\n    pspReference\n  }\n  shippingTaxClassPrivateMetadata {\n    key\n    value\n  }\n  billingAddress {\n    id\n  }\n  totalRemainingGrant {\n    currency\n  }\n  shippingTaxClass {\n    id\n    name\n  }\n  discounts {\n    value\n    id\n  }\n  privateMetadata {\n    value\n    key\n  }\n  lines {\n    digitalContentUrl {\n      url\n    }\n    id\n    variant {\n      id\n    }\n    quantity\n  }\n  events {\n    fulfilledItems {\n      id\n    }\n    id\n    app {\n      id\n    }\n  }\n  totalCaptured {\n    currency\n  }\n  giftCards {\n    code\n    id\n    product {\n      id\n    }\n    app {\n      id\n    }\n    boughtInChannel\n  }\n  shippingAddress {\n    id\n  }\n  totalChargePending {\n    currency\n  }\n  voucher {\n    channelListings {\n      id\n    }\n    id\n  }\n  invoices {\n    url\n    number\n    id\n  }\n  totalBalance {\n    currency\n  }\n  totalRefunded {\n    currency\n  }\n  fulfillments {\n    id\n    lines {\n      id\n    }\n  }\n  totalAuthorized {\n    currency\n  }\n  totalCharged {\n    currency\n  }\n  grantedRefunds {\n    app {\n      id\n    }\n    id\n  }\n  totalRefundPending {\n    currency\n  }\n  errors {\n    orderLines\n  }\n  totalAuthorizePending {\n    currency\n  }\n  metadata {\n    value\n    key\n  }\n  totalCancelPending {\n    currency\n  }\n  totalGrantedRefund {\n    currency\n  }\n  undiscountedShippingPrice {\n    currency\n  }\n  availableCollectionPoints {\n    name\n    id\n  }\n  discount {\n    currency\n  }\n  transactions {\n    checkout {\n      id\n    }\n  }\n  totalCanceled {\n    currency\n  }\n}\n  }\n}",
      "variables": {
        "id": "Q2hlY2tvdXQ6NzhlMGJkNjYtZGEyYS00OGJhLTk0ZTAtNDVlOTZiMTAwMDY1",
        "metadata": [
          {
            "key": "random_string_973",
            "value": "random_string_188"
          }
        ],
        "privateMetadata": [
          {
            "key": "random_string_309",
            "value": "random_string_599"
          }
        ],
        "removeCheckout": null
      },
      "error_message": "To access this path, you need one of the following permissions: HANDLE_CHECKOUTS"
    },
    {
      "operation": "mutation orderCreateFromCheckout($metadata: [MetadataInput!], $removeCheckout: Boolean, $privateMetadata: [MetadataInput!], $id: ID!) {\n  orderCreateFromCheckout(id: $id, metadata: $metadata, privateMetadata: $privateMetadata, removeCheckout: $removeCheckout) {\n    order {\n  user {\n    storedPaymentSources {\n      paymentMethodId\n      gateway\n    }\n    editableGroups {\n      id\n      name\n    }\n    events {\n      id\n    }\n    permissionGroups {\n      name\n      id\n    }\n    id\n    email\n    checkout {\n      id\n    }\n  }\n  shippingTaxClassMetadata {\n    key\n    value\n  }\n  channel {\n    name\n    slug\n    taxConfiguration {\n      id\n    }\n    id\n  }\n  payments {\n    transactions {\n      id\n    }\n    id\n    gateway\n    checkout {\n      id\n    }\n    pspReference\n  }\n  shippingTaxClassPrivateMetadata {\n    key\n    value\n  }\n  billingAddress {\n    id\n  }\n  totalRemainingGrant {\n    currency\n  }\n  shippingTaxClass {\n    id\n    name\n  }\n  discounts {\n    value\n    id\n  }\n  privateMetadata {\n    value\n    key\n  }\n  lines {\n    digitalContentUrl {\n      url\n    }\n    id\n    variant {\n      id\n    }\n    quantity\n  }\n  events {\n    fulfilledItems {\n      id\n    }\n    id\n    app {\n      id\n    }\n  }\n  totalCaptured {\n    currency\n  }\n  giftCards {\n    code\n    id\n    product {\n      id\n    }\n    app {\n      id\n    }\n    boughtInChannel\n  }\n  shippingAddress {\n    id\n  }\n  totalChargePending {\n    currency\n  }\n  voucher {\n    channelListings {\n      id\n    }\n    id\n  }\n  invoices {\n    url\n    number\n    id\n  }\n  totalBalance {\n    currency\n  }\n  totalRefunded {\n    currency\n  }\n  fulfillments {\n    id\n    lines {\n      id\n    }\n  }\n  totalAuthorized {\n    currency\n  }\n  totalCharged {\n    currency\n  }\n  grantedRefunds {\n    app {\n      id\n    }\n    id\n  }\n  totalRefundPending {\n    currency\n  }\n  errors {\n    orderLines\n  }\n  totalAuthorizePending {\n    currency\n  }\n  metadata {\n    value\n    key\n  }\n  totalCancelPending {\n    currency\n  }\n  totalGrantedRefund {\n    currency\n  }\n  undiscountedShippingPrice {\n    currency\n  }\n  availableCollectionPoints {\n    name\n    id\n  }\n  discount {\n    currency\n  }\n  transactions {\n    checkout {\n      id\n    }\n  }\n  totalCanceled {\n    currency\n  }\n}\n  }\n}",
      "variables": {
        "id": "Q2hlY2tvdXQ6NzhlMGJkNjYtZGEyYS00OGJhLTk0ZTAtNDVlOTZiMTAwMDY1",
        "metadata": [
          {
            "key": "random_string_330",
            "value": "random_string_38"
          }
        ],
        "privateMetadata": [
          {
            "key": "random_string_287",
            "value": "random_string_919"
          }
        ],
        "removeCheckout": false
      },
      "error_message": "To access this path, you need one of the following permissions: HANDLE_CHECKOUTS"
    },
    {
      "operation": "mutation orderCreateFromCheckout($metadata: [MetadataInput!], $removeCheckout: Boolean, $privateMetadata: [MetadataInput!], $id: ID!) {\n  orderCreateFromCheckout(id: $id, metadata: $metadata, privateMetadata: $privateMetadata, removeCheckout: $removeCheckout) {\n    order {\n  user {\n    storedPaymentSources {\n      paymentMethodId\n      gateway\n    }\n    editableGroups {\n      id\n      name\n    }\n    events {\n      id\n    }\n    permissionGroups {\n      name\n      id\n    }\n    id\n    email\n    checkout {\n      id\n    }\n  }\n  shippingTaxClassMetadata {\n    key\n    value\n  }\n  channel {\n    name\n    slug\n    taxConfiguration {\n      id\n    }\n    id\n  }\n  payments {\n    transactions {\n      id\n    }\n    id\n    gateway\n    checkout {\n      id\n    }\n    pspReference\n  }\n  shippingTaxClassPrivateMetadata {\n    key\n    value\n  }\n  billingAddress {\n    id\n  }\n  totalRemainingGrant {\n    currency\n  }\n  shippingTaxClass {\n    id\n    name\n  }\n  discounts {\n    value\n    id\n  }\n  privateMetadata {\n    value\n    key\n  }\n  lines {\n    digitalContentUrl {\n      url\n    }\n    id\n    variant {\n      id\n    }\n    quantity\n  }\n  events {\n    fulfilledItems {\n      id\n    }\n    id\n    app {\n      id\n    }\n  }\n  totalCaptured {\n    currency\n  }\n  giftCards {\n    code\n    id\n    product {\n      id\n    }\n    app {\n      id\n    }\n    boughtInChannel\n  }\n  shippingAddress {\n    id\n  }\n  totalChargePending {\n    currency\n  }\n  voucher {\n    channelListings {\n      id\n    }\n    id\n  }\n  invoices {\n    url\n    number\n    id\n  }\n  totalBalance {\n    currency\n  }\n  totalRefunded {\n    currency\n  }\n  fulfillments {\n    id\n    lines {\n      id\n    }\n  }\n  totalAuthorized {\n    currency\n  }\n  totalCharged {\n    currency\n  }\n  grantedRefunds {\n    app {\n      id\n    }\n    id\n  }\n  totalRefundPending {\n    currency\n  }\n  errors {\n    orderLines\n  }\n  totalAuthorizePending {\n    currency\n  }\n  metadata {\n    value\n    key\n  }\n  totalCancelPending {\n    currency\n  }\n  totalGrantedRefund {\n    currency\n  }\n  undiscountedShippingPrice {\n    currency\n  }\n  availableCollectionPoints {\n    name\n    id\n  }\n  discount {\n    currency\n  }\n  transactions {\n    checkout {\n      id\n    }\n  }\n  totalCanceled {\n    currency\n  }\n}\n  }\n}",
      "variables": {
        "id": "Q2hlY2tvdXQ6NzhlMGJkNjYtZGEyYS00OGJhLTk0ZTAtNDVlOTZiMTAwMDY1",
        "metadata": [
          {
            "key": "random_string_349",
            "value": "random_string_11"
          }
        ],
        "privateMetadata": [
          {
            "key": "random_string_145",
            "value": "random_string_581"
          }
        ],
        "removeCheckout": null
      },
      "error_message": "To access this path, you need one of the following permissions: HANDLE_CHECKOUTS"
    },
    {
      "operation": "mutation orderCreateFromCheckout($metadata: [MetadataInput!], $removeCheckout: Boolean, $privateMetadata: [MetadataInput!], $id: ID!) {\n  orderCreateFromCheckout(id: $id, metadata: $metadata, privateMetadata: $privateMetadata, removeCheckout: $removeCheckout) {\n    order {\n  user {\n    storedPaymentSources {\n      paymentMethodId\n      gateway\n    }\n    editableGroups {\n      id\n      name\n    }\n    events {\n      id\n    }\n    permissionGroups {\n      name\n      id\n    }\n    id\n    email\n    checkout {\n      id\n    }\n  }\n  shippingTaxClassMetadata {\n    key\n    value\n  }\n  channel {\n    name\n    slug\n    taxConfiguration {\n      id\n    }\n    id\n  }\n  payments {\n    transactions {\n      id\n    }\n    id\n    gateway\n    checkout {\n      id\n    }\n    pspReference\n  }\n  shippingTaxClassPrivateMetadata {\n    key\n    value\n  }\n  billingAddress {\n    id\n  }\n  totalRemainingGrant {\n    currency\n  }\n  shippingTaxClass {\n    id\n    name\n  }\n  discounts {\n    value\n    id\n  }\n  privateMetadata {\n    value\n    key\n  }\n  lines {\n    digitalContentUrl {\n      url\n    }\n    id\n    variant {\n      id\n    }\n    quantity\n  }\n  events {\n    fulfilledItems {\n      id\n    }\n    id\n    app {\n      id\n    }\n  }\n  totalCaptured {\n    currency\n  }\n  giftCards {\n    code\n    id\n    product {\n      id\n    }\n    app {\n      id\n    }\n    boughtInChannel\n  }\n  shippingAddress {\n    id\n  }\n  totalChargePending {\n    currency\n  }\n  voucher {\n    channelListings {\n      id\n    }\n    id\n  }\n  invoices {\n    url\n    number\n    id\n  }\n  totalBalance {\n    currency\n  }\n  totalRefunded {\n    currency\n  }\n  fulfillments {\n    id\n    lines {\n      id\n    }\n  }\n  totalAuthorized {\n    currency\n  }\n  totalCharged {\n    currency\n  }\n  grantedRefunds {\n    app {\n      id\n    }\n    id\n  }\n  totalRefundPending {\n    currency\n  }\n  errors {\n    orderLines\n  }\n  totalAuthorizePending {\n    currency\n  }\n  metadata {\n    value\n    key\n  }\n  totalCancelPending {\n    currency\n  }\n  totalGrantedRefund {\n    currency\n  }\n  undiscountedShippingPrice {\n    currency\n  }\n  availableCollectionPoints {\n    name\n    id\n  }\n  discount {\n    currency\n  }\n  transactions {\n    checkout {\n      id\n    }\n  }\n  totalCanceled {\n    currency\n  }\n}\n  }\n}",
      "variables": {
        "id": "Q2hlY2tvdXQ6NzhlMGJkNjYtZGEyYS00OGJhLTk0ZTAtNDVlOTZiMTAwMDY1",
        "metadata": [
          {
            "key": "random_string_0",
            "value": "random_string_996"
          }
        ],
        "privateMetadata": [
          {
            "key": "random_string_34",
            "value": "random_string_724"
          }
        ],
        "removeCheckout": false
      },
      "error_message": "To access this path, you need one of the following permissions: HANDLE_CHECKOUTS"
    },
    {
      "operation": "mutation orderCreateFromCheckout($id: ID!) {\n  orderCreateFromCheckout(id: $id) {\n      order {\n    id\n  }\n  }\n}",
      "variables": {
        "id": "' OR 1=1 --"
      },
      "error_message": "To access this path, you need one of the following permissions: HANDLE_CHECKOUTS"
    },
    {
      "operation": "mutation orderCreateFromCheckout($id: ID!) {\n  orderCreateFromCheckout(id: $id) {\n      order {\n    id\n  }\n  }\n}",
      "variables": {
        "id": "<script>alert(1)</script>"
      },
      "error_message": "To access this path, you need one of the following permissions: HANDLE_CHECKOUTS"
    },
    {
      "operation": "mutation orderCreateFromCheckout($id: ID!) {\n  orderCreateFromCheckout(id: $id) {\n      order {\n    id\n  }\n  }\n}",
      "variables": {
        "id": 2147483647
      },
      "error_message": "To access this path, you need one of the following permissions: HANDLE_CHECKOUTS"
    },
    {
      "operation": "mutation orderCreateFromCheckout($id: ID!) {\n  orderCreateFromCheckout(id: $id) {\n      order {\n    id\n  }\n  }\n}",
      "variables": {
        "id": ""
      },
      "error_message": "To access this path, you need one of the following permissions: HANDLE_CHECKOUTS"
    },
    {
      "operation": "mutation orderCreateFromCheckout($id: ID!) {\n  orderCreateFromCheckout(id: $id) {\n      order {\n    id\n  }\n  }\n}",
      "variables": {
        "id": "\u0000"
      },
      "error_message": "To access this path, you need one of the following permissions: HANDLE_CHECKOUTS"
    },
    {
      "operation": "mutation orderCreateFromCheckout($metadata: [MetadataInput!], $removeCheckout: Boolean, $privateMetadata: [MetadataInput!], $id: ID!) {\n  orderCreateFromCheckout(id: $id, metadata: $metadata, privateMetadata: $privateMetadata, removeCheckout: $removeCheckout) {\n      order {\n    id\n  }\n  }\n}",
      "variables": {
        "id": "Q2hlY2tvdXQ6NzhlMGJkNjYtZGEyYS00OGJhLTk0ZTAtNDVlOTZiMTAwMDY1",
        "metadata": [
          {
            "key": "<script>alert(1)</script>",
            "value": "<script>alert(1)</script>"
          }
        ],
        "privateMetadata": [
          {
            "key": "<script>alert(1)</script>",
            "value": "<script>alert(1)</script>"
          }
        ],
        "removeCheckout": null
      },
      "error_message": "To access this path, you need one of the following permissions: HANDLE_CHECKOUTS"
    },
    {
      "operation": "mutation orderCreateFromCheckout($metadata: [MetadataInput!], $removeCheckout: Boolean, $privateMetadata: [MetadataInput!], $id: ID!) {\n  orderCreateFromCheckout(id: $id, metadata: $metadata, privateMetadata: $privateMetadata, removeCheckout: $removeCheckout) {\n      order {\n    id\n  }\n  }\n}",
      "variables": {
        "id": "Q2hlY2tvdXQ6NzhlMGJkNjYtZGEyYS00OGJhLTk0ZTAtNDVlOTZiMTAwMDY1",
        "metadata": [
          {
            "key": "' OR 1=1 --",
            "value": "' OR 1=1 --"
          }
        ],
        "privateMetadata": [
          {
            "key": "' OR 1=1 --",
            "value": "' OR 1=1 --"
          }
        ],
        "removeCheckout": null
      },
      "error_message": "To access this path, you need one of the following permissions: HANDLE_CHECKOUTS"
    },
    {
      "operation": "mutation orderCreateFromCheckout($metadata: [MetadataInput!], $removeCheckout: Boolean, $privateMetadata: [MetadataInput!], $id: ID!) {\n  orderCreateFromCheckout(id: $id, metadata: $metadata, privateMetadata: $privateMetadata, removeCheckout: $removeCheckout) {\n      order {\n    id\n  }\n  }\n}",
      "variables": {
        "id": "Q2hlY2tvdXQ6NzhlMGJkNjYtZGEyYS00OGJhLTk0ZTAtNDVlOTZiMTAwMDY1",
        "metadata": [
          {
            "key": 12345,
            "value": 12345
          }
        ],
        "privateMetadata": [
          {
            "key": 12345,
            "value": 12345
          }
        ],
        "removeCheckout": null
      },
      "error_message": "To access this path, you need one of the following permissions: HANDLE_CHECKOUTS"
    },
    {
      "operation": "mutation orderCreateFromCheckout($metadata: [MetadataInput!], $removeCheckout: Boolean, $privateMetadata: [MetadataInput!], $id: ID!) {\n  orderCreateFromCheckout(id: $id, metadata: $metadata, privateMetadata: $privateMetadata, removeCheckout: $removeCheckout) {\n      order {\n    id\n  }\n  }\n}",
      "variables": {
        "id": "Q2hlY2tvdXQ6NzhlMGJkNjYtZGEyYS00OGJhLTk0ZTAtNDVlOTZiMTAwMDY1",
        "metadata": [
          {
            "key": true,
            "value": true
          }
        ],
        "privateMetadata": [
          {
            "key": true,
            "value": true
          }
        ],
        "removeCheckout": null
      },
      "error_message": "To access this path, you need one of the following permissions: HANDLE_CHECKOUTS"
    },
    {
      "operation": "mutation orderCreateFromCheckout($metadata: [MetadataInput!], $removeCheckout: Boolean, $privateMetadata: [MetadataInput!], $id: ID!) {\n  orderCreateFromCheckout(id: $id, metadata: $metadata, privateMetadata: $privateMetadata, removeCheckout: $removeCheckout) {\n      order {\n    id\n  }\n  }\n}",
      "variables": {
        "id": "Q2hlY2tvdXQ6NzhlMGJkNjYtZGEyYS00OGJhLTk0ZTAtNDVlOTZiMTAwMDY1",
        "metadata": [
          {
            "key": "",
            "value": ""
          }
        ],
        "privateMetadata": [
          {
            "key": "",
            "value": ""
          }
        ],
        "removeCheckout": null
      },
      "error_message": "To access this path, you need one of the following permissions: HANDLE_CHECKOUTS"
    },
    {
      "operation": "mutation orderCreateFromCheckout($metadata: [MetadataInput!], $removeCheckout: Boolean, $privateMetadata: [MetadataInput!], $id: ID!) {\n  orderCreateFromCheckout(id: $id, metadata: $metadata, privateMetadata: $privateMetadata, removeCheckout: $removeCheckout) {\n      order {\n    id\n  }\n  }\n}",
      "variables": {
        "id": "Q2hlY2tvdXQ6NzhlMGJkNjYtZGEyYS00OGJhLTk0ZTAtNDVlOTZiMTAwMDY1",
        "metadata": [
          {
            "key": "\u0000",
            "value": "\u0000"
          }
        ],
        "privateMetadata": [
          {
            "key": "\u0000",
            "value": "\u0000"
          }
        ],
        "removeCheckout": null
      },
      "error_message": "To access this path, you need one of the following permissions: HANDLE_CHECKOUTS"
    },
    {
      "operation": "mutation orderCreateFromCheckout($metadata: [MetadataInput!], $removeCheckout: Boolean, $privateMetadata: [MetadataInput!], $id: ID!) {\n  orderCreateFromCheckout(id: $id, metadata: $metadata, privateMetadata: $privateMetadata, removeCheckout: $removeCheckout) {\n      order {\n    id\n  }\n  }\n}",
      "variables": {
        "id": "Q2hlY2tvdXQ6NzhlMGJkNjYtZGEyYS00OGJhLTk0ZTAtNDVlOTZiMTAwMDY1",
        "metadata": [
          {
            "key": "random_string_51",
            "value": "random_string_410"
          }
        ],
        "privateMetadata": [
          {
            "key": "random_string_51",
            "value": "random_string_885"
          }
        ],
        "removeCheckout": "true' OR 1=1 --"
      },
      "error_message": "To access this path, you need one of the following permissions: HANDLE_CHECKOUTS"
    }
  ],
  "customers": [
    {
      "operation": "query customers($first: Int) {\n  customers(first: $first) {\n    edges {\n  node {\n    accessibleChannels {\n      id\n      slug\n      name\n    }\n    events {\n      id\n    }\n    permissionGroups {\n      id\n      name\n    }\n    email\n    editableGroups {\n      id\n      name\n    }\n    metadata {\n      value\n      key\n    }\n    defaultBillingAddress {\n      id\n    }\n    checkout {\n      id\n    }\n    defaultShippingAddress {\n      id\n    }\n    storedPaymentSources {\n      gateway\n      paymentMethodId\n    }\n    id\n    privateMetadata {\n      key\n      value\n    }\n    addresses {\n      id\n    }\n  }\n}\n  }\n}",
      "variables": {
        "first": 1
      },
      "error_message": "To access this path, you need one of the following permissions: OWNER"
    }
  ],
  "accountAddressDelete": [
    {
      "operation": "mutation accountAddressDelete($id: ID!) {\n  accountAddressDelete(id: $id) {\n    user {\n  metadata {\n    value\n    key\n  }\n  accessibleChannels {\n    taxConfiguration {\n      id\n    }\n    slug\n    warehouses {\n      name\n      id\n    }\n    name\n    id\n  }\n  checkout {\n    giftCards {\n      id\n      boughtInChannel\n      code\n    }\n    discount {\n      currency\n    }\n    lines {\n      id\n      quantity\n    }\n    availablePaymentGateways {\n      name\n    }\n    availableCollectionPoints {\n      id\n      name\n    }\n    totalBalance {\n      currency\n    }\n    id\n    voucher {\n      id\n    }\n  }\n  privateMetadata {\n    value\n    key\n  }\n  permissionGroups {\n    id\n    name\n  }\n  editableGroups {\n    id\n    name\n  }\n  email\n  id\n  events {\n    app {\n      id\n    }\n    orderLine {\n      quantity\n      id\n    }\n    id\n  }\n  storedPaymentSources {\n    paymentMethodId\n    gateway\n  }\n}\naddress {\n  privateMetadata {\n    key\n    value\n  }\n  metadata {\n    value\n    key\n  }\n  id\n}\n  }\n}",
      "variables": {
        "id": "QWRkcmVzczoxNA=="
      },
      "error_message": "To access this path, you need one of the following permissions: OWNER"
    }
  ],
  "checkoutLinesAdd": [
    {
      "operation": "mutation checkoutLinesAdd($id: ID, $checkoutId: ID, $token: UUID, $lines: [CheckoutLineInput!]!) {\n  checkoutLinesAdd(lines: $lines, checkoutId: $checkoutId, id: $id, token: $token) {\n    checkout {\n  giftCards {\n    app {\n      id\n    }\n    code\n    boughtInChannel\n    product {\n      id\n    }\n    id\n  }\n  channel {\n    id\n    name\n    taxConfiguration {\n      id\n    }\n    slug\n  }\n  user {\n    email\n    editableGroups {\n      id\n      name\n    }\n    events {\n      id\n    }\n    storedPaymentSources {\n      paymentMethodId\n      gateway\n    }\n    permissionGroups {\n      name\n      id\n    }\n    id\n  }\n  lines {\n    id\n    variant {\n      id\n    }\n    quantity\n  }\n  metadata {\n    value\n    key\n  }\n  billingAddress {\n    id\n  }\n  voucher {\n    channelListings {\n      id\n    }\n    id\n  }\n  privateMetadata {\n    value\n    key\n  }\n  shippingAddress {\n    id\n  }\n  availablePaymentGateways {\n    name\n  }\n  totalBalance {\n    currency\n  }\n  availableCollectionPoints {\n    name\n    id\n  }\n  discount {\n    currency\n  }\n  id\n}\n  }\n}",
      "variables": {
        "lines": [
          {
            "quantity": 2,
            "variantId": "UHJvZHVjdFZhcmlhbnQ6MzU4",
            "metadata": [
              {
                "key": "random_string_414",
                "value": "random_string_168"
              }
            ],
            "price": null,
            "forceNewLine": null
          }
        ],
        "checkoutId": null,
        "id": null,
        "token": null
      },
      "error_message": "To access this path, you need one of the following permissions: HANDLE_CHECKOUTS"
    },
    {
      "operation": "mutation checkoutLinesAdd($id: ID, $checkoutId: ID, $token: UUID, $lines: [CheckoutLineInput!]!) {\n  checkoutLinesAdd(lines: $lines, checkoutId: $checkoutId, id: $id, token: $token) {\n    checkout {\n  giftCards {\n    app {\n      id\n    }\n    code\n    boughtInChannel\n    product {\n      id\n    }\n    id\n  }\n  channel {\n    id\n    name\n    taxConfiguration {\n      id\n    }\n    slug\n  }\n  user {\n    email\n    editableGroups {\n      id\n      name\n    }\n    events {\n      id\n    }\n    storedPaymentSources {\n      paymentMethodId\n      gateway\n    }\n    permissionGroups {\n      name\n      id\n    }\n    id\n  }\n  lines {\n    id\n    variant {\n      id\n    }\n    quantity\n  }\n  metadata {\n    value\n    key\n  }\n  billingAddress {\n    id\n  }\n  voucher {\n    channelListings {\n      id\n    }\n    id\n  }\n  privateMetadata {\n    value\n    key\n  }\n  shippingAddress {\n    id\n  }\n  availablePaymentGateways {\n    name\n  }\n  totalBalance {\n    currency\n  }\n  availableCollectionPoints {\n    name\n    id\n  }\n  discount {\n    currency\n  }\n  id\n}\n  }\n}",
      "variables": {
        "lines": [
          {
            "quantity": 2,
            "variantId": "UHJvZHVjdFZhcmlhbnQ6MzU4",
            "metadata": [
              {
                "key": "random_string_713",
                "value": "random_string_919"
              }
            ],
            "price": null,
            "forceNewLine": null
          }
        ],
        "checkoutId": "447",
        "id": "426",
        "token": null
      },
      "error_message": "To access this path, you need one of the following permissions: HANDLE_CHECKOUTS"
    },
    {
      "operation": "mutation checkoutLinesAdd($id: ID, $checkoutId: ID, $token: UUID, $lines: [CheckoutLineInput!]!) {\n  checkoutLinesAdd(lines: $lines, checkoutId: $checkoutId, id: $id, token: $token) {\n    checkout {\n  giftCards {\n    app {\n      id\n    }\n    code\n    boughtInChannel\n    product {\n      id\n    }\n    id\n  }\n  channel {\n    id\n    name\n    taxConfiguration {\n      id\n    }\n    slug\n  }\n  user {\n    email\n    editableGroups {\n      id\n      name\n    }\n    events {\n      id\n    }\n    storedPaymentSources {\n      paymentMethodId\n      gateway\n    }\n    permissionGroups {\n      name\n      id\n    }\n    id\n  }\n  lines {\n    id\n    variant {\n      id\n    }\n    quantity\n  }\n  metadata {\n    value\n    key\n  }\n  billingAddress {\n    id\n  }\n  voucher {\n    channelListings {\n      id\n    }\n    id\n  }\n  privateMetadata {\n    value\n    key\n  }\n  shippingAddress {\n    id\n  }\n  availablePaymentGateways {\n    name\n  }\n  totalBalance {\n    currency\n  }\n  availableCollectionPoints {\n    name\n    id\n  }\n  discount {\n    currency\n  }\n  id\n}\n  }\n}",
      "variables": {
        "lines": [
          {
            "quantity": 2,
            "variantId": "UHJvZHVjdFZhcmlhbnQ6MzU4",
            "metadata": [
              {
                "key": "random_string_866",
                "value": "random_string_935"
              }
            ],
            "price": null,
            "forceNewLine": null
          }
        ],
        "checkoutId": null,
        "id": null,
        "token": null
      },
      "error_message": "To access this path, you need one of the following permissions: HANDLE_CHECKOUTS"
    },
    {
      "operation": "mutation checkoutLinesAdd($id: ID, $checkoutId: ID, $token: UUID, $lines: [CheckoutLineInput!]!) {\n  checkoutLinesAdd(lines: $lines, checkoutId: $checkoutId, id: $id, token: $token) {\n    checkout {\n  giftCards {\n    app {\n      id\n    }\n    code\n    boughtInChannel\n    product {\n      id\n    }\n    id\n  }\n  channel {\n    id\n    name\n    taxConfiguration {\n      id\n    }\n    slug\n  }\n  user {\n    email\n    editableGroups {\n      id\n      name\n    }\n    events {\n      id\n    }\n    storedPaymentSources {\n      paymentMethodId\n      gateway\n    }\n    permissionGroups {\n      name\n      id\n    }\n    id\n  }\n  lines {\n    id\n    variant {\n      id\n    }\n    quantity\n  }\n  metadata {\n    value\n    key\n  }\n  billingAddress {\n    id\n  }\n  voucher {\n    channelListings {\n      id\n    }\n    id\n  }\n  privateMetadata {\n    value\n    key\n  }\n  shippingAddress {\n    id\n  }\n  availablePaymentGateways {\n    name\n  }\n  totalBalance {\n    currency\n  }\n  availableCollectionPoints {\n    name\n    id\n  }\n  discount {\n    currency\n  }\n  id\n}\n  }\n}",
      "variables": {
        "lines": [
          {
            "quantity": 2,
            "variantId": "UHJvZHVjdFZhcmlhbnQ6MzU4",
            "metadata": [
              {
                "key": "random_string_107",
                "value": "random_string_902"
              }
            ],
            "price": null,
            "forceNewLine": true
          }
        ],
        "checkoutId": null,
        "id": null,
        "token": null
      },
      "error_message": "To access this path, you need one of the following permissions: HANDLE_CHECKOUTS"
    },
    {
      "operation": "mutation checkoutLinesAdd($id: ID, $checkoutId: ID, $token: UUID, $lines: [CheckoutLineInput!]!) {\n  checkoutLinesAdd(lines: $lines, checkoutId: $checkoutId, id: $id, token: $token) {\n    checkout {\n  giftCards {\n    app {\n      id\n    }\n    code\n    boughtInChannel\n    product {\n      id\n    }\n    id\n  }\n  channel {\n    id\n    name\n    taxConfiguration {\n      id\n    }\n    slug\n  }\n  user {\n    email\n    editableGroups {\n      id\n      name\n    }\n    events {\n      id\n    }\n    storedPaymentSources {\n      paymentMethodId\n      gateway\n    }\n    permissionGroups {\n      name\n      id\n    }\n    id\n  }\n  lines {\n    id\n    variant {\n      id\n    }\n    quantity\n  }\n  metadata {\n    value\n    key\n  }\n  billingAddress {\n    id\n  }\n  voucher {\n    channelListings {\n      id\n    }\n    id\n  }\n  privateMetadata {\n    value\n    key\n  }\n  shippingAddress {\n    id\n  }\n  availablePaymentGateways {\n    name\n  }\n  totalBalance {\n    currency\n  }\n  availableCollectionPoints {\n    name\n    id\n  }\n  discount {\n    currency\n  }\n  id\n}\n  }\n}",
      "variables": {
        "lines": [
          {
            "quantity": 2,
            "variantId": "UHJvZHVjdFZhcmlhbnQ6MzU4",
            "metadata": [
              {
                "key": "random_string_164",
                "value": "random_string_528"
              }
            ],
            "price": null,
            "forceNewLine": null
          }
        ],
        "checkoutId": null,
        "id": null,
        "token": null
      },
      "error_message": "To access this path, you need one of the following permissions: HANDLE_CHECKOUTS"
    },
    {
      "operation": "mutation checkoutLinesAdd($id: ID, $checkoutId: ID, $token: UUID, $lines: [CheckoutLineInput!]!) {\n  checkoutLinesAdd(lines: $lines, checkoutId: $checkoutId, id: $id, token: $token) {\n    checkout {\n  giftCards {\n    app {\n      id\n    }\n    code\n    boughtInChannel\n    product {\n      id\n    }\n    id\n  }\n  channel {\n    id\n    name\n    taxConfiguration {\n      id\n    }\n    slug\n  }\n  user {\n    email\n    editableGroups {\n      id\n      name\n    }\n    events {\n      id\n    }\n    storedPaymentSources {\n      paymentMethodId\n      gateway\n    }\n    permissionGroups {\n      name\n      id\n    }\n    id\n  }\n  lines {\n    id\n    variant {\n      id\n    }\n    quantity\n  }\n  metadata {\n    value\n    key\n  }\n  billingAddress {\n    id\n  }\n  voucher {\n    channelListings {\n      id\n    }\n    id\n  }\n  privateMetadata {\n    value\n    key\n  }\n  shippingAddress {\n    id\n  }\n  availablePaymentGateways {\n    name\n  }\n  totalBalance {\n    currency\n  }\n  availableCollectionPoints {\n    name\n    id\n  }\n  discount {\n    currency\n  }\n  id\n}\n  }\n}",
      "variables": {
        "lines": [
          {
            "quantity": 2,
            "variantId": "UHJvZHVjdFZhcmlhbnQ6MzU4",
            "metadata": [
              {
                "key": "random_string_345",
                "value": "random_string_357"
              }
            ],
            "price": null,
            "forceNewLine": null
          }
        ],
        "checkoutId": "465",
        "id": "213",
        "token": null
      },
      "error_message": "To access this path, you need one of the following permissions: HANDLE_CHECKOUTS"
    },
    {
      "operation": "mutation checkoutLinesAdd($id: ID, $checkoutId: ID, $token: UUID, $lines: [CheckoutLineInput!]!) {\n  checkoutLinesAdd(lines: $lines, checkoutId: $checkoutId, id: $id, token: $token) {\n    checkout {\n  giftCards {\n    app {\n      id\n    }\n    code\n    boughtInChannel\n    product {\n      id\n    }\n    id\n  }\n  channel {\n    id\n    name\n    taxConfiguration {\n      id\n    }\n    slug\n  }\n  user {\n    email\n    editableGroups {\n      id\n      name\n    }\n    events {\n      id\n    }\n    storedPaymentSources {\n      paymentMethodId\n      gateway\n    }\n    permissionGroups {\n      name\n      id\n    }\n    id\n  }\n  lines {\n    id\n    variant {\n      id\n    }\n    quantity\n  }\n  metadata {\n    value\n    key\n  }\n  billingAddress {\n    id\n  }\n  voucher {\n    channelListings {\n      id\n    }\n    id\n  }\n  privateMetadata {\n    value\n    key\n  }\n  shippingAddress {\n    id\n  }\n  availablePaymentGateways {\n    name\n  }\n  totalBalance {\n    currency\n  }\n  availableCollectionPoints {\n    name\n    id\n  }\n  discount {\n    currency\n  }\n  id\n}\n  }\n}",
      "variables": {
        "lines": [
          {
            "quantity": 2,
            "variantId": "UHJvZHVjdFZhcmlhbnQ6MzU4",
            "metadata": [
              {
                "key": "random_string_174",
                "value": "random_string_952"
              }
            ],
            "price": null,
            "forceNewLine": null
          }
        ],
        "checkoutId": null,
        "id": null,
        "token": null
      },
      "error_message": "To access this path, you need one of the following permissions: HANDLE_CHECKOUTS"
    },
    {
      "operation": "mutation checkoutLinesAdd($id: ID, $checkoutId: ID, $token: UUID, $lines: [CheckoutLineInput!]!) {\n  checkoutLinesAdd(lines: $lines, checkoutId: $checkoutId, id: $id, token: $token) {\n    checkout {\n  giftCards {\n    app {\n      id\n    }\n    code\n    boughtInChannel\n    product {\n      id\n    }\n    id\n  }\n  channel {\n    id\n    name\n    taxConfiguration {\n      id\n    }\n    slug\n  }\n  user {\n    email\n    editableGroups {\n      id\n      name\n    }\n    events {\n      id\n    }\n    storedPaymentSources {\n      paymentMethodId\n      gateway\n    }\n    permissionGroups {\n      name\n      id\n    }\n    id\n  }\n  lines {\n    id\n    variant {\n      id\n    }\n    quantity\n  }\n  metadata {\n    value\n    key\n  }\n  billingAddress {\n    id\n  }\n  voucher {\n    channelListings {\n      id\n    }\n    id\n  }\n  privateMetadata {\n    value\n    key\n  }\n  shippingAddress {\n    id\n  }\n  availablePaymentGateways {\n    name\n  }\n  totalBalance {\n    currency\n  }\n  availableCollectionPoints {\n    name\n    id\n  }\n  discount {\n    currency\n  }\n  id\n}\n  }\n}",
      "variables": {
        "lines": [
          {
            "quantity": 2,
            "variantId": "UHJvZHVjdFZhcmlhbnQ6MzU4",
            "metadata": [
              {
                "key": "random_string_760",
                "value": "random_string_615"
              }
            ],
            "price": null,
            "forceNewLine": true
          }
        ],
        "checkoutId": null,
        "id": null,
        "token": null
      },
      "error_message": "To access this path, you need one of the following permissions: HANDLE_CHECKOUTS"
    },
    {
      "operation": "mutation checkoutLinesAdd($id: ID, $checkoutId: ID, $token: UUID, $lines: [CheckoutLineInput!]!) {\n  checkoutLinesAdd(lines: $lines, checkoutId: $checkoutId, id: $id, token: $token) {\n    checkout {\n  giftCards {\n    app {\n      id\n    }\n    code\n    boughtInChannel\n    product {\n      id\n    }\n    id\n  }\n  channel {\n    id\n    name\n    taxConfiguration {\n      id\n    }\n    slug\n  }\n  user {\n    email\n    editableGroups {\n      id\n      name\n    }\n    events {\n      id\n    }\n    storedPaymentSources {\n      paymentMethodId\n      gateway\n    }\n    permissionGroups {\n      name\n      id\n    }\n    id\n  }\n  lines {\n    id\n    variant {\n      id\n    }\n    quantity\n  }\n  metadata {\n    value\n    key\n  }\n  billingAddress {\n    id\n  }\n  voucher {\n    channelListings {\n      id\n    }\n    id\n  }\n  privateMetadata {\n    value\n    key\n  }\n  shippingAddress {\n    id\n  }\n  availablePaymentGateways {\n    name\n  }\n  totalBalance {\n    currency\n  }\n  availableCollectionPoints {\n    name\n    id\n  }\n  discount {\n    currency\n  }\n  id\n}\n  }\n}",
      "variables": {
        "lines": [
          {
            "quantity": 2,
            "variantId": "UHJvZHVjdFZhcmlhbnQ6MzU4",
            "metadata": [
              {
                "key": "random_string_166",
                "value": "random_string_160"
              }
            ],
            "price": null,
            "forceNewLine": null
          }
        ],
        "checkoutId": null,
        "id": null,
        "token": null
      },
      "error_message": "To access this path, you need one of the following permissions: HANDLE_CHECKOUTS"
    },
    {
      "operation": "mutation checkoutLinesAdd($id: ID, $checkoutId: ID, $token: UUID, $lines: [CheckoutLineInput!]!) {\n  checkoutLinesAdd(lines: $lines, checkoutId: $checkoutId, id: $id, token: $token) {\n    checkout {\n  giftCards {\n    app {\n      id\n    }\n    code\n    boughtInChannel\n    product {\n      id\n    }\n    id\n  }\n  channel {\n    id\n    name\n    taxConfiguration {\n      id\n    }\n    slug\n  }\n  user {\n    email\n    editableGroups {\n      id\n      name\n    }\n    events {\n      id\n    }\n    storedPaymentSources {\n      paymentMethodId\n      gateway\n    }\n    permissionGroups {\n      name\n      id\n    }\n    id\n  }\n  lines {\n    id\n    variant {\n      id\n    }\n    quantity\n  }\n  metadata {\n    value\n    key\n  }\n  billingAddress {\n    id\n  }\n  voucher {\n    channelListings {\n      id\n    }\n    id\n  }\n  privateMetadata {\n    value\n    key\n  }\n  shippingAddress {\n    id\n  }\n  availablePaymentGateways {\n    name\n  }\n  totalBalance {\n    currency\n  }\n  availableCollectionPoints {\n    name\n    id\n  }\n  discount {\n    currency\n  }\n  id\n}\n  }\n}",
      "variables": {
        "lines": [
          {
            "quantity": 2,
            "variantId": "UHJvZHVjdFZhcmlhbnQ6MzU4",
            "metadata": [
              {
                "key": "random_string_748",
                "value": "random_string_243"
              }
            ],
            "price": null,
            "forceNewLine": null
          }
        ],
        "checkoutId": "295",
        "id": "22",
        "token": null
      },
      "error_message": "To access this path, you need one of the following permissions: HANDLE_CHECKOUTS"
    },
    {
      "operation": "mutation checkoutLinesAdd($id: ID, $checkoutId: ID, $token: UUID, $lines: [CheckoutLineInput!]!) {\n  checkoutLinesAdd(lines: $lines, checkoutId: $checkoutId, id: $id, token: $token) {\n    checkout {\n  giftCards {\n    app {\n      id\n    }\n    code\n    boughtInChannel\n    product {\n      id\n    }\n    id\n  }\n  channel {\n    id\n    name\n    taxConfiguration {\n      id\n    }\n    slug\n  }\n  user {\n    email\n    editableGroups {\n      id\n      name\n    }\n    events {\n      id\n    }\n    storedPaymentSources {\n      paymentMethodId\n      gateway\n    }\n    permissionGroups {\n      name\n      id\n    }\n    id\n  }\n  lines {\n    id\n    variant {\n      id\n    }\n    quantity\n  }\n  metadata {\n    value\n    key\n  }\n  billingAddress {\n    id\n  }\n  voucher {\n    channelListings {\n      id\n    }\n    id\n  }\n  privateMetadata {\n    value\n    key\n  }\n  shippingAddress {\n    id\n  }\n  availablePaymentGateways {\n    name\n  }\n  totalBalance {\n    currency\n  }\n  availableCollectionPoints {\n    name\n    id\n  }\n  discount {\n    currency\n  }\n  id\n}\n  }\n}",
      "variables": {
        "lines": [
          {
            "quantity": 2,
            "variantId": "UHJvZHVjdFZhcmlhbnQ6MzU4",
            "metadata": [
              {
                "key": "random_string_461",
                "value": "random_string_437"
              }
            ],
            "price": null,
            "forceNewLine": null
          }
        ],
        "checkoutId": null,
        "id": null,
        "token": null
      },
      "error_message": "To access this path, you need one of the following permissions: HANDLE_CHECKOUTS"
    },
    {
      "operation": "mutation checkoutLinesAdd($id: ID, $checkoutId: ID, $token: UUID, $lines: [CheckoutLineInput!]!) {\n  checkoutLinesAdd(lines: $lines, checkoutId: $checkoutId, id: $id, token: $token) {\n    checkout {\n  giftCards {\n    app {\n      id\n    }\n    code\n    boughtInChannel\n    product {\n      id\n    }\n    id\n  }\n  channel {\n    id\n    name\n    taxConfiguration {\n      id\n    }\n    slug\n  }\n  user {\n    email\n    editableGroups {\n      id\n      name\n    }\n    events {\n      id\n    }\n    storedPaymentSources {\n      paymentMethodId\n      gateway\n    }\n    permissionGroups {\n      name\n      id\n    }\n    id\n  }\n  lines {\n    id\n    variant {\n      id\n    }\n    quantity\n  }\n  metadata {\n    value\n    key\n  }\n  billingAddress {\n    id\n  }\n  voucher {\n    channelListings {\n      id\n    }\n    id\n  }\n  privateMetadata {\n    value\n    key\n  }\n  shippingAddress {\n    id\n  }\n  availablePaymentGateways {\n    name\n  }\n  totalBalance {\n    currency\n  }\n  availableCollectionPoints {\n    name\n    id\n  }\n  discount {\n    currency\n  }\n  id\n}\n  }\n}",
      "variables": {
        "lines": [
          {
            "quantity": 2,
            "variantId": "UHJvZHVjdFZhcmlhbnQ6MzU4",
            "metadata": [
              {
                "key": "random_string_440",
                "value": "random_string_307"
              }
            ],
            "price": null,
            "forceNewLine": false
          }
        ],
        "checkoutId": null,
        "id": null,
        "token": null
      },
      "error_message": "To access this path, you need one of the following permissions: HANDLE_CHECKOUTS"
    },
    {
      "operation": "mutation checkoutLinesAdd($id: ID, $checkoutId: ID, $token: UUID, $lines: [CheckoutLineInput!]!) {\n  checkoutLinesAdd(lines: $lines, checkoutId: $checkoutId, id: $id, token: $token) {\n    checkout {\n  giftCards {\n    app {\n      id\n    }\n    code\n    boughtInChannel\n    product {\n      id\n    }\n    id\n  }\n  channel {\n    id\n    name\n    taxConfiguration {\n      id\n    }\n    slug\n  }\n  user {\n    email\n    editableGroups {\n      id\n      name\n    }\n    events {\n      id\n    }\n    storedPaymentSources {\n      paymentMethodId\n      gateway\n    }\n    permissionGroups {\n      name\n      id\n    }\n    id\n  }\n  lines {\n    id\n    variant {\n      id\n    }\n    quantity\n  }\n  metadata {\n    value\n    key\n  }\n  billingAddress {\n    id\n  }\n  voucher {\n    channelListings {\n      id\n    }\n    id\n  }\n  privateMetadata {\n    value\n    key\n  }\n  shippingAddress {\n    id\n  }\n  availablePaymentGateways {\n    name\n  }\n  totalBalance {\n    currency\n  }\n  availableCollectionPoints {\n    name\n    id\n  }\n  discount {\n    currency\n  }\n  id\n}\n  }\n}",
      "variables": {
        "lines": [
          {
            "quantity": 2,
            "variantId": "UHJvZHVjdFZhcmlhbnQ6MzU4",
            "metadata": [
              {
                "key": "random_string_114",
                "value": "random_string_322"
              }
            ],
            "price": null,
            "forceNewLine": null
          }
        ],
        "checkoutId": null,
        "id": null,
        "token": null
      },
      "error_message": "To access this path, you need one of the following permissions: HANDLE_CHECKOUTS"
    },
    {
      "operation": "mutation checkoutLinesAdd($id: ID, $checkoutId: ID, $token: UUID, $lines: [CheckoutLineInput!]!) {\n  checkoutLinesAdd(lines: $lines, checkoutId: $checkoutId, id: $id, token: $token) {\n    checkout {\n  giftCards {\n    app {\n      id\n    }\n    code\n    boughtInChannel\n    product {\n      id\n    }\n    id\n  }\n  channel {\n    id\n    name\n    taxConfiguration {\n      id\n    }\n    slug\n  }\n  user {\n    email\n    editableGroups {\n      id\n      name\n    }\n    events {\n      id\n    }\n    storedPaymentSources {\n      paymentMethodId\n      gateway\n    }\n    permissionGroups {\n      name\n      id\n    }\n    id\n  }\n  lines {\n    id\n    variant {\n      id\n    }\n    quantity\n  }\n  metadata {\n    value\n    key\n  }\n  billingAddress {\n    id\n  }\n  voucher {\n    channelListings {\n      id\n    }\n    id\n  }\n  privateMetadata {\n    value\n    key\n  }\n  shippingAddress {\n    id\n  }\n  availablePaymentGateways {\n    name\n  }\n  totalBalance {\n    currency\n  }\n  availableCollectionPoints {\n    name\n    id\n  }\n  discount {\n    currency\n  }\n  id\n}\n  }\n}",
      "variables": {
        "lines": [
          {
            "quantity": 2,
            "variantId": "UHJvZHVjdFZhcmlhbnQ6MzU4",
            "metadata": [
              {
                "key": "random_string_128",
                "value": "random_string_868"
              }
            ],
            "price": null,
            "forceNewLine": null
          }
        ],
        "checkoutId": "802",
        "id": "522",
        "token": null
      },
      "error_message": "To access this path, you need one of the following permissions: HANDLE_CHECKOUTS"
    },
    {
      "operation": "mutation checkoutLinesAdd($id: ID, $checkoutId: ID, $token: UUID, $lines: [CheckoutLineInput!]!) {\n  checkoutLinesAdd(lines: $lines, checkoutId: $checkoutId, id: $id, token: $token) {\n    checkout {\n  giftCards {\n    app {\n      id\n    }\n    code\n    boughtInChannel\n    product {\n      id\n    }\n    id\n  }\n  channel {\n    id\n    name\n    taxConfiguration {\n      id\n    }\n    slug\n  }\n  user {\n    email\n    editableGroups {\n      id\n      name\n    }\n    events {\n      id\n    }\n    storedPaymentSources {\n      paymentMethodId\n      gateway\n    }\n    permissionGroups {\n      name\n      id\n    }\n    id\n  }\n  lines {\n    id\n    variant {\n      id\n    }\n    quantity\n  }\n  metadata {\n    value\n    key\n  }\n  billingAddress {\n    id\n  }\n  voucher {\n    channelListings {\n      id\n    }\n    id\n  }\n  privateMetadata {\n    value\n    key\n  }\n  shippingAddress {\n    id\n  }\n  availablePaymentGateways {\n    name\n  }\n  totalBalance {\n    currency\n  }\n  availableCollectionPoints {\n    name\n    id\n  }\n  discount {\n    currency\n  }\n  id\n}\n  }\n}",
      "variables": {
        "lines": [
          {
            "quantity": 2,
            "variantId": "UHJvZHVjdFZhcmlhbnQ6MzU4",
            "metadata": [
              {
                "key": "random_string_942",
                "value": "random_string_687"
              }
            ],
            "price": null,
            "forceNewLine": null
          }
        ],
        "checkoutId": null,
        "id": null,
        "token": null
      },
      "error_message": "To access this path, you need one of the following permissions: HANDLE_CHECKOUTS"
    },
    {
      "operation": "mutation checkoutLinesAdd($id: ID, $checkoutId: ID, $token: UUID, $lines: [CheckoutLineInput!]!) {\n  checkoutLinesAdd(lines: $lines, checkoutId: $checkoutId, id: $id, token: $token) {\n    checkout {\n  giftCards {\n    app {\n      id\n    }\n    code\n    boughtInChannel\n    product {\n      id\n    }\n    id\n  }\n  channel {\n    id\n    name\n    taxConfiguration {\n      id\n    }\n    slug\n  }\n  user {\n    email\n    editableGroups {\n      id\n      name\n    }\n    events {\n      id\n    }\n    storedPaymentSources {\n      paymentMethodId\n      gateway\n    }\n    permissionGroups {\n      name\n      id\n    }\n    id\n  }\n  lines {\n    id\n    variant {\n      id\n    }\n    quantity\n  }\n  metadata {\n    value\n    key\n  }\n  billingAddress {\n    id\n  }\n  voucher {\n    channelListings {\n      id\n    }\n    id\n  }\n  privateMetadata {\n    value\n    key\n  }\n  shippingAddress {\n    id\n  }\n  availablePaymentGateways {\n    name\n  }\n  totalBalance {\n    currency\n  }\n  availableCollectionPoints {\n    name\n    id\n  }\n  discount {\n    currency\n  }\n  id\n}\n  }\n}",
      "variables": {
        "lines": [
          {
            "quantity": 2,
            "variantId": "UHJvZHVjdFZhcmlhbnQ6MzU4",
            "metadata": [
              {
                "key": "random_string_149",
                "value": "random_string_409"
              }
            ],
            "price": null,
            "forceNewLine": true
          }
        ],
        "checkoutId": null,
        "id": null,
        "token": null
      },
      "error_message": "To access this path, you need one of the following permissions: HANDLE_CHECKOUTS"
    },
    {
      "operation": "mutation checkoutLinesAdd($id: ID, $checkoutId: ID, $token: UUID, $lines: [CheckoutLineInput!]!) {\n  checkoutLinesAdd(lines: $lines, checkoutId: $checkoutId, id: $id, token: $token) {\n      checkout {\n    id\n  }\n  }\n}",
      "variables": {
        "lines": [
          {
            "quantity": 2,
            "variantId": "UHJvZHVjdFZhcmlhbnQ6MzU4",
            "metadata": [
              {
                "key": "<script>alert(1)</script>",
                "value": "<script>alert(1)</script>"
              }
            ],
            "price": null,
            "forceNewLine": null
          }
        ],
        "checkoutId": null,
        "id": null,
        "token": null
      },
      "error_message": "To access this path, you need one of the following permissions: HANDLE_CHECKOUTS"
    },
    {
      "operation": "mutation checkoutLinesAdd($id: ID, $checkoutId: ID, $token: UUID, $lines: [CheckoutLineInput!]!) {\n  checkoutLinesAdd(lines: $lines, checkoutId: $checkoutId, id: $id, token: $token) {\n      checkout {\n    id\n  }\n  }\n}",
      "variables": {
        "lines": [
          {
            "quantity": 2,
            "variantId": "UHJvZHVjdFZhcmlhbnQ6MzU4",
            "metadata": [
              {
                "key": "' OR 1=1 --",
                "value": "' OR 1=1 --"
              }
            ],
            "price": null,
            "forceNewLine": null
          }
        ],
        "checkoutId": null,
        "id": null,
        "token": null
      },
      "error_message": "To access this path, you need one of the following permissions: HANDLE_CHECKOUTS"
    },
    {
      "operation": "mutation checkoutLinesAdd($id: ID, $checkoutId: ID, $token: UUID, $lines: [CheckoutLineInput!]!) {\n  checkoutLinesAdd(lines: $lines, checkoutId: $checkoutId, id: $id, token: $token) {\n      checkout {\n    id\n  }\n  }\n}",
      "variables": {
        "lines": [
          {
            "quantity": 2,
            "variantId": "UHJvZHVjdFZhcmlhbnQ6MzU4",
            "metadata": [
              {
                "key": 12345,
                "value": 12345
              }
            ],
            "price": null,
            "forceNewLine": null
          }
        ],
        "checkoutId": null,
        "id": null,
        "token": null
      },
      "error_message": "To access this path, you need one of the following permissions: HANDLE_CHECKOUTS"
    },
    {
      "operation": "mutation checkoutLinesAdd($id: ID, $checkoutId: ID, $token: UUID, $lines: [CheckoutLineInput!]!) {\n  checkoutLinesAdd(lines: $lines, checkoutId: $checkoutId, id: $id, token: $token) {\n      checkout {\n    id\n  }\n  }\n}",
      "variables": {
        "lines": [
          {
            "quantity": 2,
            "variantId": "UHJvZHVjdFZhcmlhbnQ6MzU4",
            "metadata": [
              {
                "key": true,
                "value": true
              }
            ],
            "price": null,
            "forceNewLine": null
          }
        ],
        "checkoutId": null,
        "id": null,
        "token": null
      },
      "error_message": "To access this path, you need one of the following permissions: HANDLE_CHECKOUTS"
    },
    {
      "operation": "mutation checkoutLinesAdd($id: ID, $checkoutId: ID, $token: UUID, $lines: [CheckoutLineInput!]!) {\n  checkoutLinesAdd(lines: $lines, checkoutId: $checkoutId, id: $id, token: $token) {\n      checkout {\n    id\n  }\n  }\n}",
      "variables": {
        "lines": [
          {
            "quantity": 2,
            "variantId": "UHJvZHVjdFZhcmlhbnQ6MzU4",
            "metadata": [
              {
                "key": "",
                "value": ""
              }
            ],
            "price": null,
            "forceNewLine": null
          }
        ],
        "checkoutId": null,
        "id": null,
        "token": null
      },
      "error_message": "To access this path, you need one of the following permissions: HANDLE_CHECKOUTS"
    },
    {
      "operation": "mutation checkoutLinesAdd($id: ID, $checkoutId: ID, $token: UUID, $lines: [CheckoutLineInput!]!) {\n  checkoutLinesAdd(lines: $lines, checkoutId: $checkoutId, id: $id, token: $token) {\n      checkout {\n    id\n  }\n  }\n}",
      "variables": {
        "lines": [
          {
            "quantity": 2,
            "variantId": "UHJvZHVjdFZhcmlhbnQ6MzU4",
            "metadata": [
              {
                "key": "\u0000",
                "value": "\u0000"
              }
            ],
            "price": null,
            "forceNewLine": null
          }
        ],
        "checkoutId": null,
        "id": null,
        "token": null
      },
      "error_message": "To access this path, you need one of the following permissions: HANDLE_CHECKOUTS"
    },
    {
      "operation": "mutation checkoutLinesAdd($id: ID, $checkoutId: ID, $token: UUID, $lines: [CheckoutLineInput!]!) {\n  checkoutLinesAdd(lines: $lines, checkoutId: $checkoutId, id: $id, token: $token) {\n      checkout {\n    id\n  }\n  }\n}",
      "variables": {
        "lines": [
          {
            "quantity": 2,
            "variantId": "UHJvZHVjdFZhcmlhbnQ6MzU4",
            "metadata": [
              {
                "key": "random_string_762",
                "value": "random_string_172"
              }
            ],
            "price": null,
            "forceNewLine": null
          }
        ],
        "checkoutId": "' OR 1=1 --",
        "id": "' OR 1=1 --",
        "token": null
      },
      "error_message": "To access this path, you need one of the following permissions: HANDLE_CHECKOUTS"
    },
    {
      "operation": "mutation checkoutLinesAdd($id: ID, $checkoutId: ID, $token: UUID, $lines: [CheckoutLineInput!]!) {\n  checkoutLinesAdd(lines: $lines, checkoutId: $checkoutId, id: $id, token: $token) {\n      checkout {\n    id\n  }\n  }\n}",
      "variables": {
        "lines": [
          {
            "quantity": 2,
            "variantId": "UHJvZHVjdFZhcmlhbnQ6MzU4",
            "metadata": [
              {
                "key": "random_string_182",
                "value": "random_string_205"
              }
            ],
            "price": null,
            "forceNewLine": null
          }
        ],
        "checkoutId": "<script>alert(1)</script>",
        "id": "<script>alert(1)</script>",
        "token": null
      },
      "error_message": "To access this path, you need one of the following permissions: HANDLE_CHECKOUTS"
    },
    {
      "operation": "mutation checkoutLinesAdd($id: ID, $checkoutId: ID, $token: UUID, $lines: [CheckoutLineInput!]!) {\n  checkoutLinesAdd(lines: $lines, checkoutId: $checkoutId, id: $id, token: $token) {\n      checkout {\n    id\n  }\n  }\n}",
      "variables": {
        "lines": [
          {
            "quantity": 2,
            "variantId": "UHJvZHVjdFZhcmlhbnQ6MzU4",
            "metadata": [
              {
                "key": "random_string_366",
                "value": "random_string_893"
              }
            ],
            "price": null,
            "forceNewLine": null
          }
        ],
        "checkoutId": 2147483647,
        "id": 2147483647,
        "token": null
      },
      "error_message": "To access this path, you need one of the following permissions: HANDLE_CHECKOUTS"
    },
    {
      "operation": "mutation checkoutLinesAdd($id: ID, $checkoutId: ID, $token: UUID, $lines: [CheckoutLineInput!]!) {\n  checkoutLinesAdd(lines: $lines, checkoutId: $checkoutId, id: $id, token: $token) {\n      checkout {\n    id\n  }\n  }\n}",
      "variables": {
        "lines": [
          {
            "quantity": 2,
            "variantId": "UHJvZHVjdFZhcmlhbnQ6MzU4",
            "metadata": [
              {
                "key": "random_string_593",
                "value": "random_string_517"
              }
            ],
            "price": null,
            "forceNewLine": null
          }
        ],
        "checkoutId": "",
        "id": "",
        "token": null
      },
      "error_message": "To access this path, you need one of the following permissions: HANDLE_CHECKOUTS"
    },
    {
      "operation": "mutation checkoutLinesAdd($id: ID, $checkoutId: ID, $token: UUID, $lines: [CheckoutLineInput!]!) {\n  checkoutLinesAdd(lines: $lines, checkoutId: $checkoutId, id: $id, token: $token) {\n      checkout {\n    id\n  }\n  }\n}",
      "variables": {
        "lines": [
          {
            "quantity": 2,
            "variantId": "UHJvZHVjdFZhcmlhbnQ6MzU4",
            "metadata": [
              {
                "key": "random_string_471",
                "value": "random_string_697"
              }
            ],
            "price": null,
            "forceNewLine": null
          }
        ],
        "checkoutId": "\u0000",
        "id": "\u0000",
        "token": null
      },
      "error_message": "To access this path, you need one of the following permissions: HANDLE_CHECKOUTS"
    },
    {
      "operation": "mutation checkoutLinesAdd($id: ID, $checkoutId: ID, $token: UUID, $lines: [CheckoutLineInput!]!) {\n  checkoutLinesAdd(lines: $lines, checkoutId: $checkoutId, id: $id, token: $token) {\n      checkout {\n    id\n  }\n  }\n}",
      "variables": {
        "lines": [
          {
            "quantity": 2,
            "variantId": "UHJvZHVjdFZhcmlhbnQ6MzU4",
            "metadata": [
              {
                "key": "random_string_650",
                "value": "random_string_353"
              }
            ],
            "price": null,
            "forceNewLine": "true' OR 1=1 --"
          }
        ],
        "checkoutId": null,
        "id": null,
        "token": null
      },
      "error_message": "To access this path, you need one of the following permissions: HANDLE_CHECKOUTS"
    }
  ],
  "staffUsers": [
    {
      "operation": "query staffUsers($first: Int) {\n  staffUsers(first: $first) {\n    edges {\n  node {\n    email\n    permissionGroups {\n      name\n      id\n    }\n    addresses {\n      id\n    }\n    accessibleChannels {\n      slug\n      name\n      id\n    }\n    checkout {\n      id\n    }\n    events {\n      id\n    }\n    privateMetadata {\n      key\n      value\n    }\n    defaultShippingAddress {\n      id\n    }\n    metadata {\n      key\n      value\n    }\n    id\n    editableGroups {\n      id\n      name\n    }\n    storedPaymentSources {\n      gateway\n      paymentMethodId\n    }\n    defaultBillingAddress {\n      id\n    }\n  }\n}\n  }\n}",
      "variables": {
        "first": 1
      },
      "error_message": "To access this path, you need one of the following permissions: OWNER"
    }
  ],
  "checkoutCreate": [
    {
      "operation": "mutation checkoutCreate($input: CheckoutCreateInput!) {\n  checkoutCreate(input: $input) {\n    checkout {\n  metadata {\n    key\n    value\n  }\n  channel {\n    slug\n    name\n    id\n    taxConfiguration {\n      id\n    }\n  }\n  lines {\n    id\n    variant {\n      id\n    }\n    quantity\n  }\n  voucher {\n    channelListings {\n      id\n    }\n    id\n  }\n  giftCards {\n    code\n    app {\n      id\n    }\n    product {\n      id\n    }\n    boughtInChannel\n    id\n  }\n  user {\n    editableGroups {\n      name\n      id\n    }\n    permissionGroups {\n      name\n      id\n    }\n    storedPaymentSources {\n      paymentMethodId\n      gateway\n    }\n    email\n    id\n    events {\n      id\n    }\n  }\n  availableCollectionPoints {\n    name\n    id\n  }\n  id\n  shippingAddress {\n    id\n  }\n  privateMetadata {\n    key\n    value\n  }\n  availablePaymentGateways {\n    name\n  }\n  billingAddress {\n    id\n  }\n  discount {\n    currency\n  }\n  totalBalance {\n    currency\n  }\n}\n  }\n}",
      "variables": {
        "input": {
          "lines": [
            {
              "quantity": 2,
              "variantId": "UHJvZHVjdFZhcmlhbnQ6MzU4",
              "metadata": [
                {
                  "key": "random_string_357",
                  "value": "random_string_997"
                }
              ],
              "price": null,
              "forceNewLine": null
            }
          ],
          "shippingAddress": {
            "firstName": null,
            "lastName": null,
            "companyName": null,
            "streetAddress1": null,
            "streetAddress2": null,
            "city": null,
            "cityArea": null,
            "postalCode": null,
            "country": "GR",
            "countryArea": null,
            "phone": null,
            "skipValidation": null
          },
          "validationRules": {
            "shippingAddress": {
              "checkRequiredFields": null,
              "checkFieldsFormat": null,
              "enableFieldsNormalization": null
            }
          },
          "channel": null,
          "email": null,
          "languageCode": "AR_QA"
        }
      },
      "error_message": "To access this path, you need one of the following permissions: HANDLE_CHECKOUTS"
    },
    {
      "operation": "mutation checkoutCreate($input: CheckoutCreateInput!) {\n  checkoutCreate(input: $input) {\n    checkout {\n  metadata {\n    key\n    value\n  }\n  channel {\n    slug\n    name\n    id\n    taxConfiguration {\n      id\n    }\n  }\n  lines {\n    id\n    variant {\n      id\n    }\n    quantity\n  }\n  voucher {\n    channelListings {\n      id\n    }\n    id\n  }\n  giftCards {\n    code\n    app {\n      id\n    }\n    product {\n      id\n    }\n    boughtInChannel\n    id\n  }\n  user {\n    editableGroups {\n      name\n      id\n    }\n    permissionGroups {\n      name\n      id\n    }\n    storedPaymentSources {\n      paymentMethodId\n      gateway\n    }\n    email\n    id\n    events {\n      id\n    }\n  }\n  availableCollectionPoints {\n    name\n    id\n  }\n  id\n  shippingAddress {\n    id\n  }\n  privateMetadata {\n    key\n    value\n  }\n  availablePaymentGateways {\n    name\n  }\n  billingAddress {\n    id\n  }\n  discount {\n    currency\n  }\n  totalBalance {\n    currency\n  }\n}\n  }\n}",
      "variables": {
        "input": {
          "lines": [
            {
              "quantity": 2,
              "variantId": "UHJvZHVjdFZhcmlhbnQ6MzU4",
              "metadata": [
                {
                  "key": "random_string_98",
                  "value": "random_string_738"
                }
              ],
              "price": null,
              "forceNewLine": null
            }
          ],
          "shippingAddress": {
            "firstName": null,
            "lastName": null,
            "companyName": null,
            "streetAddress1": null,
            "streetAddress2": null,
            "city": null,
            "cityArea": null,
            "postalCode": null,
            "country": "GA",
            "countryArea": null,
            "phone": null,
            "skipValidation": null
          },
          "validationRules": {
            "shippingAddress": {
              "checkRequiredFields": null,
              "checkFieldsFormat": null,
              "enableFieldsNormalization": null
            }
          },
          "channel": null,
          "email": null,
          "languageCode": "SW_CD"
        }
      },
      "error_message": "To access this path, you need one of the following permissions: HANDLE_CHECKOUTS"
    },
    {
      "operation": "mutation checkoutCreate($input: CheckoutCreateInput!) {\n  checkoutCreate(input: $input) {\n    checkout {\n  metadata {\n    key\n    value\n  }\n  channel {\n    slug\n    name\n    id\n    taxConfiguration {\n      id\n    }\n  }\n  lines {\n    id\n    variant {\n      id\n    }\n    quantity\n  }\n  voucher {\n    channelListings {\n      id\n    }\n    id\n  }\n  giftCards {\n    code\n    app {\n      id\n    }\n    product {\n      id\n    }\n    boughtInChannel\n    id\n  }\n  user {\n    editableGroups {\n      name\n      id\n    }\n    permissionGroups {\n      name\n      id\n    }\n    storedPaymentSources {\n      paymentMethodId\n      gateway\n    }\n    email\n    id\n    events {\n      id\n    }\n  }\n  availableCollectionPoints {\n    name\n    id\n  }\n  id\n  shippingAddress {\n    id\n  }\n  privateMetadata {\n    key\n    value\n  }\n  availablePaymentGateways {\n    name\n  }\n  billingAddress {\n    id\n  }\n  discount {\n    currency\n  }\n  totalBalance {\n    currency\n  }\n}\n  }\n}",
      "variables": {
        "input": {
          "lines": [
            {
              "quantity": 2,
              "variantId": "UHJvZHVjdFZhcmlhbnQ6MzU4",
              "metadata": [
                {
                  "key": "random_string_220",
                  "value": "random_string_178"
                }
              ],
              "price": null,
              "forceNewLine": null
            }
          ],
          "shippingAddress": {
            "firstName": null,
            "lastName": null,
            "companyName": null,
            "streetAddress1": null,
            "streetAddress2": null,
            "city": null,
            "cityArea": null,
            "postalCode": null,
            "country": "AM",
            "countryArea": null,
            "phone": null,
            "skipValidation": null
          },
          "validationRules": {
            "shippingAddress": {
              "checkRequiredFields": null,
              "checkFieldsFormat": null,
              "enableFieldsNormalization": null
            }
          },
          "channel": null,
          "email": null,
          "languageCode": "NUS_SS"
        }
      },
      "error_message": "To access this path, you need one of the following permissions: HANDLE_CHECKOUTS"
    }
  ],
  "transactionInitialize": [
    {
      "operation": "mutation transactionInitialize($action: TransactionFlowStrategyEnum, $idempotencyKey: String, $amount: PositiveDecimal, $paymentGateway: PaymentGatewayToInitialize!, $customerIpAddress: String, $id: ID!) {\n  transactionInitialize(id: $id, paymentGateway: $paymentGateway, action: $action, amount: $amount, customerIpAddress: $customerIpAddress, idempotencyKey: $idempotencyKey) {\n    transaction {\n  checkout {\n    billingAddress {\n      id\n    }\n    shippingAddress {\n      id\n    }\n    user {\n      id\n      email\n    }\n    id\n    giftCards {\n      id\n      code\n      boughtInChannel\n    }\n    channel {\n      name\n      id\n      slug\n    }\n    availablePaymentGateways {\n      name\n    }\n    availableCollectionPoints {\n      id\n      name\n    }\n    lines {\n      id\n      quantity\n    }\n    voucher {\n      id\n    }\n  }\n  order {\n    discounts {\n      id\n      value\n    }\n    errors {\n      orderLines\n    }\n    shippingTaxClass {\n      name\n      id\n    }\n    billingAddress {\n      id\n    }\n    availableCollectionPoints {\n      name\n      id\n    }\n    invoices {\n      id\n      number\n      url\n    }\n    grantedRefunds {\n      id\n    }\n    giftCards {\n      id\n      boughtInChannel\n      code\n    }\n    events {\n      id\n    }\n    voucher {\n      id\n    }\n    channel {\n      id\n      name\n      slug\n    }\n    fulfillments {\n      id\n    }\n    payments {\n      pspReference\n      id\n      gateway\n    }\n    lines {\n      id\n      quantity\n    }\n    shippingAddress {\n      id\n    }\n    user {\n      email\n      id\n    }\n  }\n  chargedAmount {\n    currency\n  }\n  metadata {\n    key\n    value\n  }\n  createdBy {\n    ... on App {\n      id\n    }\n    ... on User {\n      email\n      id\n    }\n  }\n  authorizedAmount {\n    currency\n  }\n  chargePendingAmount {\n    currency\n  }\n  privateMetadata {\n    key\n    value\n  }\n  authorizePendingAmount {\n    currency\n  }\n  refundPendingAmount {\n    currency\n  }\n  canceledAmount {\n    currency\n  }\n  refundedAmount {\n    currency\n  }\n  cancelPendingAmount {\n    currency\n  }\n}\ntransactionEvent {\n  amount {\n    currency\n  }\n  createdBy {\n    ... on App {\n      id\n    }\n    ... on User {\n      email\n      id\n    }\n  }\n}\n  }\n}",
      "variables": {
        "id": "Q2hlY2tvdXQ6NzhlMGJkNjYtZGEyYS00OGJhLTk0ZTAtNDVlOTZiMTAwMDY1",
        "paymentGateway": {
          "id": "Dummy",
          "data": null
        },
        "action": null,
        "amount": null,
        "customerIpAddress": "random_string_531",
        "idempotencyKey": "random_string_100"
      },
      "error_message": "To access this path, you need one of the following permissions: HANDLE_PAYMENTS"
    },
    {
      "operation": "mutation transactionInitialize($action: TransactionFlowStrategyEnum, $idempotencyKey: String, $amount: PositiveDecimal, $paymentGateway: PaymentGatewayToInitialize!, $customerIpAddress: String, $id: ID!) {\n  transactionInitialize(id: $id, paymentGateway: $paymentGateway, action: $action, amount: $amount, customerIpAddress: $customerIpAddress, idempotencyKey: $idempotencyKey) {\n    transaction {\n  checkout {\n    billingAddress {\n      id\n    }\n    shippingAddress {\n      id\n    }\n    user {\n      id\n      email\n    }\n    id\n    giftCards {\n      id\n      code\n      boughtInChannel\n    }\n    channel {\n      name\n      id\n      slug\n    }\n    availablePaymentGateways {\n      name\n    }\n    availableCollectionPoints {\n      id\n      name\n    }\n    lines {\n      id\n      quantity\n    }\n    voucher {\n      id\n    }\n  }\n  order {\n    discounts {\n      id\n      value\n    }\n    errors {\n      orderLines\n    }\n    shippingTaxClass {\n      name\n      id\n    }\n    billingAddress {\n      id\n    }\n    availableCollectionPoints {\n      name\n      id\n    }\n    invoices {\n      id\n      number\n      url\n    }\n    grantedRefunds {\n      id\n    }\n    giftCards {\n      id\n      boughtInChannel\n      code\n    }\n    events {\n      id\n    }\n    voucher {\n      id\n    }\n    channel {\n      id\n      name\n      slug\n    }\n    fulfillments {\n      id\n    }\n    payments {\n      pspReference\n      id\n      gateway\n    }\n    lines {\n      id\n      quantity\n    }\n    shippingAddress {\n      id\n    }\n    user {\n      email\n      id\n    }\n  }\n  chargedAmount {\n    currency\n  }\n  metadata {\n    key\n    value\n  }\n  createdBy {\n    ... on App {\n      id\n    }\n    ... on User {\n      email\n      id\n    }\n  }\n  authorizedAmount {\n    currency\n  }\n  chargePendingAmount {\n    currency\n  }\n  privateMetadata {\n    key\n    value\n  }\n  authorizePendingAmount {\n    currency\n  }\n  refundPendingAmount {\n    currency\n  }\n  canceledAmount {\n    currency\n  }\n  refundedAmount {\n    currency\n  }\n  cancelPendingAmount {\n    currency\n  }\n}\ntransactionEvent {\n  amount {\n    currency\n  }\n  createdBy {\n    ... on App {\n      id\n    }\n    ... on User {\n      email\n      id\n    }\n  }\n}\n  }\n}",
      "variables": {
        "id": "Q2hlY2tvdXQ6NzhlMGJkNjYtZGEyYS00OGJhLTk0ZTAtNDVlOTZiMTAwMDY1",
        "paymentGateway": {
          "id": "Dummy",
          "data": null
        },
        "action": "CHARGE",
        "amount": null,
        "customerIpAddress": null,
        "idempotencyKey": null
      },
      "error_message": "To access this path, you need one of the following permissions: HANDLE_PAYMENTS"
    },
    {
      "operation": "mutation transactionInitialize($action: TransactionFlowStrategyEnum, $idempotencyKey: String, $amount: PositiveDecimal, $paymentGateway: PaymentGatewayToInitialize!, $customerIpAddress: String, $id: ID!) {\n  transactionInitialize(id: $id, paymentGateway: $paymentGateway, action: $action, amount: $amount, customerIpAddress: $customerIpAddress, idempotencyKey: $idempotencyKey) {\n    transaction {\n  checkout {\n    billingAddress {\n      id\n    }\n    shippingAddress {\n      id\n    }\n    user {\n      id\n      email\n    }\n    id\n    giftCards {\n      id\n      code\n      boughtInChannel\n    }\n    channel {\n      name\n      id\n      slug\n    }\n    availablePaymentGateways {\n      name\n    }\n    availableCollectionPoints {\n      id\n      name\n    }\n    lines {\n      id\n      quantity\n    }\n    voucher {\n      id\n    }\n  }\n  order {\n    discounts {\n      id\n      value\n    }\n    errors {\n      orderLines\n    }\n    shippingTaxClass {\n      name\n      id\n    }\n    billingAddress {\n      id\n    }\n    availableCollectionPoints {\n      name\n      id\n    }\n    invoices {\n      id\n      number\n      url\n    }\n    grantedRefunds {\n      id\n    }\n    giftCards {\n      id\n      boughtInChannel\n      code\n    }\n    events {\n      id\n    }\n    voucher {\n      id\n    }\n    channel {\n      id\n      name\n      slug\n    }\n    fulfillments {\n      id\n    }\n    payments {\n      pspReference\n      id\n      gateway\n    }\n    lines {\n      id\n      quantity\n    }\n    shippingAddress {\n      id\n    }\n    user {\n      email\n      id\n    }\n  }\n  chargedAmount {\n    currency\n  }\n  metadata {\n    key\n    value\n  }\n  createdBy {\n    ... on App {\n      id\n    }\n    ... on User {\n      email\n      id\n    }\n  }\n  authorizedAmount {\n    currency\n  }\n  chargePendingAmount {\n    currency\n  }\n  privateMetadata {\n    key\n    value\n  }\n  authorizePendingAmount {\n    currency\n  }\n  refundPendingAmount {\n    currency\n  }\n  canceledAmount {\n    currency\n  }\n  refundedAmount {\n    currency\n  }\n  cancelPendingAmount {\n    currency\n  }\n}\ntransactionEvent {\n  amount {\n    currency\n  }\n  createdBy {\n    ... on App {\n      id\n    }\n    ... on User {\n      email\n      id\n    }\n  }\n}\n  }\n}",
      "variables": {
        "id": "Q2hlY2tvdXQ6NzhlMGJkNjYtZGEyYS00OGJhLTk0ZTAtNDVlOTZiMTAwMDY1",
        "paymentGateway": {
          "id": "Dummy",
          "data": null
        },
        "action": null,
        "amount": null,
        "customerIpAddress": "random_string_929",
        "idempotencyKey": "random_string_933"
      },
      "error_message": "To access this path, you need one of the following permissions: HANDLE_PAYMENTS"
    },
    {
      "operation": "mutation transactionInitialize($action: TransactionFlowStrategyEnum, $idempotencyKey: String, $amount: PositiveDecimal, $paymentGateway: PaymentGatewayToInitialize!, $customerIpAddress: String, $id: ID!) {\n  transactionInitialize(id: $id, paymentGateway: $paymentGateway, action: $action, amount: $amount, customerIpAddress: $customerIpAddress, idempotencyKey: $idempotencyKey) {\n    transaction {\n  checkout {\n    billingAddress {\n      id\n    }\n    shippingAddress {\n      id\n    }\n    user {\n      id\n      email\n    }\n    id\n    giftCards {\n      id\n      code\n      boughtInChannel\n    }\n    channel {\n      name\n      id\n      slug\n    }\n    availablePaymentGateways {\n      name\n    }\n    availableCollectionPoints {\n      id\n      name\n    }\n    lines {\n      id\n      quantity\n    }\n    voucher {\n      id\n    }\n  }\n  order {\n    discounts {\n      id\n      value\n    }\n    errors {\n      orderLines\n    }\n    shippingTaxClass {\n      name\n      id\n    }\n    billingAddress {\n      id\n    }\n    availableCollectionPoints {\n      name\n      id\n    }\n    invoices {\n      id\n      number\n      url\n    }\n    grantedRefunds {\n      id\n    }\n    giftCards {\n      id\n      boughtInChannel\n      code\n    }\n    events {\n      id\n    }\n    voucher {\n      id\n    }\n    channel {\n      id\n      name\n      slug\n    }\n    fulfillments {\n      id\n    }\n    payments {\n      pspReference\n      id\n      gateway\n    }\n    lines {\n      id\n      quantity\n    }\n    shippingAddress {\n      id\n    }\n    user {\n      email\n      id\n    }\n  }\n  chargedAmount {\n    currency\n  }\n  metadata {\n    key\n    value\n  }\n  createdBy {\n    ... on App {\n      id\n    }\n    ... on User {\n      email\n      id\n    }\n  }\n  authorizedAmount {\n    currency\n  }\n  chargePendingAmount {\n    currency\n  }\n  privateMetadata {\n    key\n    value\n  }\n  authorizePendingAmount {\n    currency\n  }\n  refundPendingAmount {\n    currency\n  }\n  canceledAmount {\n    currency\n  }\n  refundedAmount {\n    currency\n  }\n  cancelPendingAmount {\n    currency\n  }\n}\ntransactionEvent {\n  amount {\n    currency\n  }\n  createdBy {\n    ... on App {\n      id\n    }\n    ... on User {\n      email\n      id\n    }\n  }\n}\n  }\n}",
      "variables": {
        "id": "Q2hlY2tvdXQ6NzhlMGJkNjYtZGEyYS00OGJhLTk0ZTAtNDVlOTZiMTAwMDY1",
        "paymentGateway": {
          "id": "Dummy",
          "data": null
        },
        "action": "AUTHORIZATION",
        "amount": null,
        "customerIpAddress": null,
        "idempotencyKey": null
      },
      "error_message": "To access this path, you need one of the following permissions: HANDLE_PAYMENTS"
    },
    {
      "operation": "mutation transactionInitialize($action: TransactionFlowStrategyEnum, $idempotencyKey: String, $amount: PositiveDecimal, $paymentGateway: PaymentGatewayToInitialize!, $customerIpAddress: String, $id: ID!) {\n  transactionInitialize(id: $id, paymentGateway: $paymentGateway, action: $action, amount: $amount, customerIpAddress: $customerIpAddress, idempotencyKey: $idempotencyKey) {\n    transaction {\n  checkout {\n    billingAddress {\n      id\n    }\n    shippingAddress {\n      id\n    }\n    user {\n      id\n      email\n    }\n    id\n    giftCards {\n      id\n      code\n      boughtInChannel\n    }\n    channel {\n      name\n      id\n      slug\n    }\n    availablePaymentGateways {\n      name\n    }\n    availableCollectionPoints {\n      id\n      name\n    }\n    lines {\n      id\n      quantity\n    }\n    voucher {\n      id\n    }\n  }\n  order {\n    discounts {\n      id\n      value\n    }\n    errors {\n      orderLines\n    }\n    shippingTaxClass {\n      name\n      id\n    }\n    billingAddress {\n      id\n    }\n    availableCollectionPoints {\n      name\n      id\n    }\n    invoices {\n      id\n      number\n      url\n    }\n    grantedRefunds {\n      id\n    }\n    giftCards {\n      id\n      boughtInChannel\n      code\n    }\n    events {\n      id\n    }\n    voucher {\n      id\n    }\n    channel {\n      id\n      name\n      slug\n    }\n    fulfillments {\n      id\n    }\n    payments {\n      pspReference\n      id\n      gateway\n    }\n    lines {\n      id\n      quantity\n    }\n    shippingAddress {\n      id\n    }\n    user {\n      email\n      id\n    }\n  }\n  chargedAmount {\n    currency\n  }\n  metadata {\n    key\n    value\n  }\n  createdBy {\n    ... on App {\n      id\n    }\n    ... on User {\n      email\n      id\n    }\n  }\n  authorizedAmount {\n    currency\n  }\n  chargePendingAmount {\n    currency\n  }\n  privateMetadata {\n    key\n    value\n  }\n  authorizePendingAmount {\n    currency\n  }\n  refundPendingAmount {\n    currency\n  }\n  canceledAmount {\n    currency\n  }\n  refundedAmount {\n    currency\n  }\n  cancelPendingAmount {\n    currency\n  }\n}\ntransactionEvent {\n  amount {\n    currency\n  }\n  createdBy {\n    ... on App {\n      id\n    }\n    ... on User {\n      email\n      id\n    }\n  }\n}\n  }\n}",
      "variables": {
        "id": "Q2hlY2tvdXQ6NzhlMGJkNjYtZGEyYS00OGJhLTk0ZTAtNDVlOTZiMTAwMDY1",
        "paymentGateway": {
          "id": "Dummy",
          "data": null
        },
        "action": null,
        "amount": null,
        "customerIpAddress": "random_string_126",
        "idempotencyKey": "random_string_94"
      },
      "error_message": "To access this path, you need one of the following permissions: HANDLE_PAYMENTS"
    },
    {
      "operation": "mutation transactionInitialize($action: TransactionFlowStrategyEnum, $idempotencyKey: String, $amount: PositiveDecimal, $paymentGateway: PaymentGatewayToInitialize!, $customerIpAddress: String, $id: ID!) {\n  transactionInitialize(id: $id, paymentGateway: $paymentGateway, action: $action, amount: $amount, customerIpAddress: $customerIpAddress, idempotencyKey: $idempotencyKey) {\n    transaction {\n  checkout {\n    billingAddress {\n      id\n    }\n    shippingAddress {\n      id\n    }\n    user {\n      id\n      email\n    }\n    id\n    giftCards {\n      id\n      code\n      boughtInChannel\n    }\n    channel {\n      name\n      id\n      slug\n    }\n    availablePaymentGateways {\n      name\n    }\n    availableCollectionPoints {\n      id\n      name\n    }\n    lines {\n      id\n      quantity\n    }\n    voucher {\n      id\n    }\n  }\n  order {\n    discounts {\n      id\n      value\n    }\n    errors {\n      orderLines\n    }\n    shippingTaxClass {\n      name\n      id\n    }\n    billingAddress {\n      id\n    }\n    availableCollectionPoints {\n      name\n      id\n    }\n    invoices {\n      id\n      number\n      url\n    }\n    grantedRefunds {\n      id\n    }\n    giftCards {\n      id\n      boughtInChannel\n      code\n    }\n    events {\n      id\n    }\n    voucher {\n      id\n    }\n    channel {\n      id\n      name\n      slug\n    }\n    fulfillments {\n      id\n    }\n    payments {\n      pspReference\n      id\n      gateway\n    }\n    lines {\n      id\n      quantity\n    }\n    shippingAddress {\n      id\n    }\n    user {\n      email\n      id\n    }\n  }\n  chargedAmount {\n    currency\n  }\n  metadata {\n    key\n    value\n  }\n  createdBy {\n    ... on App {\n      id\n    }\n    ... on User {\n      email\n      id\n    }\n  }\n  authorizedAmount {\n    currency\n  }\n  chargePendingAmount {\n    currency\n  }\n  privateMetadata {\n    key\n    value\n  }\n  authorizePendingAmount {\n    currency\n  }\n  refundPendingAmount {\n    currency\n  }\n  canceledAmount {\n    currency\n  }\n  refundedAmount {\n    currency\n  }\n  cancelPendingAmount {\n    currency\n  }\n}\ntransactionEvent {\n  amount {\n    currency\n  }\n  createdBy {\n    ... on App {\n      id\n    }\n    ... on User {\n      email\n      id\n    }\n  }\n}\n  }\n}",
      "variables": {
        "id": "Q2hlY2tvdXQ6NzhlMGJkNjYtZGEyYS00OGJhLTk0ZTAtNDVlOTZiMTAwMDY1",
        "paymentGateway": {
          "id": "Dummy",
          "data": null
        },
        "action": "AUTHORIZATION",
        "amount": null,
        "customerIpAddress": null,
        "idempotencyKey": null
      },
      "error_message": "To access this path, you need one of the following permissions: HANDLE_PAYMENTS"
    },
    {
      "operation": "mutation transactionInitialize($action: TransactionFlowStrategyEnum, $idempotencyKey: String, $amount: PositiveDecimal, $paymentGateway: PaymentGatewayToInitialize!, $customerIpAddress: String, $id: ID!) {\n  transactionInitialize(id: $id, paymentGateway: $paymentGateway, action: $action, amount: $amount, customerIpAddress: $customerIpAddress, idempotencyKey: $idempotencyKey) {\n      data\n  }\n}",
      "variables": {
        "id": "Q2hlY2tvdXQ6NzhlMGJkNjYtZGEyYS00OGJhLTk0ZTAtNDVlOTZiMTAwMDY1",
        "paymentGateway": {
          "id": "Dummy",
          "data": null
        },
        "action": null,
        "amount": null,
        "customerIpAddress": "<script>alert(1)</script>",
        "idempotencyKey": "<script>alert(1)</script>"
      },
      "error_message": "To access this path, you need one of the following permissions: HANDLE_PAYMENTS"
    },
    {
      "operation": "mutation transactionInitialize($action: TransactionFlowStrategyEnum, $idempotencyKey: String, $amount: PositiveDecimal, $paymentGateway: PaymentGatewayToInitialize!, $customerIpAddress: String, $id: ID!) {\n  transactionInitialize(id: $id, paymentGateway: $paymentGateway, action: $action, amount: $amount, customerIpAddress: $customerIpAddress, idempotencyKey: $idempotencyKey) {\n      data\n  }\n}",
      "variables": {
        "id": "Q2hlY2tvdXQ6NzhlMGJkNjYtZGEyYS00OGJhLTk0ZTAtNDVlOTZiMTAwMDY1",
        "paymentGateway": {
          "id": "Dummy",
          "data": null
        },
        "action": null,
        "amount": null,
        "customerIpAddress": "' OR 1=1 --",
        "idempotencyKey": "' OR 1=1 --"
      },
      "error_message": "To access this path, you need one of the following permissions: HANDLE_PAYMENTS"
    },
    {
      "operation": "mutation transactionInitialize($action: TransactionFlowStrategyEnum, $idempotencyKey: String, $amount: PositiveDecimal, $paymentGateway: PaymentGatewayToInitialize!, $customerIpAddress: String, $id: ID!) {\n  transactionInitialize(id: $id, paymentGateway: $paymentGateway, action: $action, amount: $amount, customerIpAddress: $customerIpAddress, idempotencyKey: $idempotencyKey) {\n      data\n  }\n}",
      "variables": {
        "id": "Q2hlY2tvdXQ6NzhlMGJkNjYtZGEyYS00OGJhLTk0ZTAtNDVlOTZiMTAwMDY1",
        "paymentGateway": {
          "id": "Dummy",
          "data": null
        },
        "action": null,
        "amount": null,
        "customerIpAddress": 12345,
        "idempotencyKey": 12345
      },
      "error_message": "To access this path, you need one of the following permissions: HANDLE_PAYMENTS"
    },
    {
      "operation": "mutation transactionInitialize($action: TransactionFlowStrategyEnum, $idempotencyKey: String, $amount: PositiveDecimal, $paymentGateway: PaymentGatewayToInitialize!, $customerIpAddress: String, $id: ID!) {\n  transactionInitialize(id: $id, paymentGateway: $paymentGateway, action: $action, amount: $amount, customerIpAddress: $customerIpAddress, idempotencyKey: $idempotencyKey) {\n      data\n  }\n}",
      "variables": {
        "id": "Q2hlY2tvdXQ6NzhlMGJkNjYtZGEyYS00OGJhLTk0ZTAtNDVlOTZiMTAwMDY1",
        "paymentGateway": {
          "id": "Dummy",
          "data": null
        },
        "action": null,
        "amount": null,
        "customerIpAddress": true,
        "idempotencyKey": true
      },
      "error_message": "To access this path, you need one of the following permissions: HANDLE_PAYMENTS"
    },
    {
      "operation": "mutation transactionInitialize($action: TransactionFlowStrategyEnum, $idempotencyKey: String, $amount: PositiveDecimal, $paymentGateway: PaymentGatewayToInitialize!, $customerIpAddress: String, $id: ID!) {\n  transactionInitialize(id: $id, paymentGateway: $paymentGateway, action: $action, amount: $amount, customerIpAddress: $customerIpAddress, idempotencyKey: $idempotencyKey) {\n      data\n  }\n}",
      "variables": {
        "id": "Q2hlY2tvdXQ6NzhlMGJkNjYtZGEyYS00OGJhLTk0ZTAtNDVlOTZiMTAwMDY1",
        "paymentGateway": {
          "id": "Dummy",
          "data": null
        },
        "action": null,
        "amount": null,
        "customerIpAddress": "\u0000",
        "idempotencyKey": "\u0000"
      },
      "error_message": "To access this path, you need one of the following permissions: HANDLE_PAYMENTS"
    }
  ]
}