{
    "queryLogs": [
      {
      "operation": "query queryLogs($condition: LogQueryCondition) {\n  queryLogs(condition: $condition) {\n    total\n  }\n}",
      "variables": {
        "condition": {
          "paging": {
            "pageNum": null,
            "pageSize": -2147483648,
            "needTotal": null
          },
          "metricName": null,
          "serviceId": null,
          "serviceInstanceId": null,
          "endpointId": null,
          "traceId": null,
          "state": "ALL",
          "stateCode": null
        }
      },
      "error_message": "Exception while fetching data (/queryLogs) : Syntax error in SQL statement \"SELECT COUNT(1) TOTAL FROM (SELECT 1 FROM NULL[*] WHERE  1=1  ) \"; expected \"identifier\"; SQL statement:\nselect count(1) total from (select 1 from null where  1=1  ) [42001-196]"
      }
    ]
  }