{
  "version": [
    {
      "operation": "query version {\n  version\n}",
      "variables": {},
      "literal_query": "query version {\n  version\n}",
      "status_code": 200,
      "response": {
        "data": {
          "version": "8.0"
        }
      }
    },
    {
      "operation": "query version {\n  version\n}",
      "variables": {},
      "literal_query": "query version {\n  version\n}",
      "status_code": 200,
      "response": {
        "data": {
          "version": "8.0"
        }
      }
    },
    {
      "operation": "mutation version {\n  version\n}",
      "variables": {},
      "literal_query": "mutation version {\n  version\n}",
      "status_code": 200,
      "response": {
        "data": {
          "version": "8.0"
        }
      }
    },
    {
      "operation": "mutation version {\n  version\n}",
      "variables": {},
      "literal_query": "mutation version {\n  version\n}",
      "status_code": 200,
      "response": {
        "data": {
          "version": "8.0"
        }
      }
    }
  ],
  "searchEndpoint": [
    {
      "operation": "query searchEndpoint($keyword: String!, $serviceId: ID!, $limit: Int!) {\n  searchEndpoint(keyword: $keyword, serviceId: $serviceId, limit: $limit) {\n        id\n  }\n}",
      "variables": {
        "keyword": "random_string_203",
        "serviceId": "105",
        "limit": 9
      },
      "literal_query": "query searchEndpoint {\n  searchEndpoint(keyword: \"random_string_203\", serviceId: \"105\", limit: 9) {\n        id\n  }\n}",
      "status_code": 200,
      "response": {
        "data": {
          "searchEndpoint": []
        }
      }
    },
    {
      "operation": "query searchEndpoint($keyword: String!, $serviceId: ID!, $limit: Int!) {\n  searchEndpoint(keyword: $keyword, serviceId: $serviceId, limit: $limit) {\n        id\n  }\n}",
      "variables": {
        "keyword": "<script>alert(1)</script>",
        "serviceId": "720",
        "limit": 0
      },
      "literal_query": "query searchEndpoint {\n  searchEndpoint(keyword: \"<script>alert(1)</script>\", serviceId: \"720\", limit: 0) {\n        id\n  }\n}",
      "status_code": 200,
      "response": {
        "data": {
          "searchEndpoint": []
        }
      }
    },
    {
      "operation": "query searchEndpoint($keyword: String!, $serviceId: ID!, $limit: Int!) {\n  searchEndpoint(keyword: $keyword, serviceId: $serviceId, limit: $limit) {\n        id\n  }\n}",
      "variables": {
        "keyword": "' OR 1=1 --",
        "serviceId": "692",
        "limit": 7
      },
      "literal_query": "query searchEndpoint {\n  searchEndpoint(keyword: \"' OR 1=1 --\", serviceId: \"692\", limit: 7) {\n        id\n  }\n}",
      "status_code": 200,
      "response": {
        "data": {
          "searchEndpoint": []
        }
      }
    },
    {
      "operation": "query searchEndpoint($keyword: String!, $serviceId: ID!, $limit: Int!) {\n  searchEndpoint(keyword: $keyword, serviceId: $serviceId, limit: $limit) {\n        id\n  }\n}",
      "variables": {
        "keyword": "",
        "serviceId": "335",
        "limit": 0
      },
      "literal_query": "query searchEndpoint {\n  searchEndpoint(keyword: \"\", serviceId: \"335\", limit: 0) {\n        id\n  }\n}",
      "status_code": 200,
      "response": {
        "data": {
          "searchEndpoint": []
        }
      }
    },
    {
      "operation": "query searchEndpoint($keyword: String!, $serviceId: ID!, $limit: Int!) {\n  searchEndpoint(keyword: $keyword, serviceId: $serviceId, limit: $limit) {\n        id\n  }\n}",
      "variables": {
        "keyword": "\u0000",
        "serviceId": "232",
        "limit": 1
      },
      "literal_query": "query searchEndpoint {\n  searchEndpoint(keyword: \"\\u0000\", serviceId: \"232\", limit: 1) {\n        id\n  }\n}",
      "status_code": 200,
      "response": {
        "data": {
          "searchEndpoint": []
        }
      }
    },
    {
      "operation": "query searchEndpoint($keyword: String!, $serviceId: ID!, $limit: Int!) {\n  searchEndpoint(keyword: $keyword, serviceId: $serviceId, limit: $limit) {\n        id\n  }\n}",
      "variables": {
        "keyword": "random_string_98",
        "serviceId": "441",
        "limit": -2147483648
      },
      "literal_query": "query searchEndpoint {\n  searchEndpoint(keyword: \"random_string_98\", serviceId: \"441\", limit: -2147483648) {\n        id\n  }\n}",
      "status_code": 200,
      "response": {
        "data": {
          "searchEndpoint": []
        }
      }
    },
    {
      "operation": "query searchEndpoint($keyword: String!, $serviceId: ID!, $limit: Int!) {\n  searchEndpoint(keyword: $keyword, serviceId: $serviceId, limit: $limit) {\n        id\n  }\n}",
      "variables": {
        "keyword": "random_string_380",
        "serviceId": "281",
        "limit": 2147483647
      },
      "literal_query": "query searchEndpoint {\n  searchEndpoint(keyword: \"random_string_380\", serviceId: \"281\", limit: 2147483647) {\n        id\n  }\n}",
      "status_code": 200,
      "response": {
        "data": {
          "searchEndpoint": []
        }
      }
    },
    {
      "operation": "query searchEndpoint($keyword: String!, $serviceId: ID!, $limit: Int!) {\n  searchEndpoint(keyword: $keyword, serviceId: $serviceId, limit: $limit) {\n        id\n  }\n}",
      "variables": {
        "keyword": "random_string_806",
        "serviceId": "' OR 1=1 --",
        "limit": 1
      },
      "literal_query": "query searchEndpoint {\n  searchEndpoint(keyword: \"random_string_806\", serviceId: \"' OR 1=1 --\", limit: 1) {\n        id\n  }\n}",
      "status_code": 200,
      "response": {
        "data": {
          "searchEndpoint": []
        }
      }
    },
    {
      "operation": "query searchEndpoint($keyword: String!, $serviceId: ID!, $limit: Int!) {\n  searchEndpoint(keyword: $keyword, serviceId: $serviceId, limit: $limit) {\n        id\n  }\n}",
      "variables": {
        "keyword": "random_string_733",
        "serviceId": "<script>alert(1)</script>",
        "limit": 0
      },
      "literal_query": "query searchEndpoint {\n  searchEndpoint(keyword: \"random_string_733\", serviceId: \"<script>alert(1)</script>\", limit: 0) {\n        id\n  }\n}",
      "status_code": 200,
      "response": {
        "data": {
          "searchEndpoint": []
        }
      }
    },
    {
      "operation": "query searchEndpoint($keyword: String!, $serviceId: ID!, $limit: Int!) {\n  searchEndpoint(keyword: $keyword, serviceId: $serviceId, limit: $limit) {\n        id\n  }\n}",
      "variables": {
        "keyword": "random_string_934",
        "serviceId": 2147483647,
        "limit": 2
      },
      "literal_query": "query searchEndpoint {\n  searchEndpoint(keyword: \"random_string_934\", serviceId: 2147483647, limit: 2) {\n        id\n  }\n}",
      "status_code": 200,
      "response": {
        "data": {
          "searchEndpoint": []
        }
      }
    },
    {
      "operation": "query searchEndpoint($keyword: String!, $serviceId: ID!, $limit: Int!) {\n  searchEndpoint(keyword: $keyword, serviceId: $serviceId, limit: $limit) {\n        id\n  }\n}",
      "variables": {
        "keyword": "random_string_6",
        "serviceId": "",
        "limit": 2
      },
      "literal_query": "query searchEndpoint {\n  searchEndpoint(keyword: \"random_string_6\", serviceId: \"\", limit: 2) {\n        id\n  }\n}",
      "status_code": 200,
      "response": {
        "data": {
          "searchEndpoint": []
        }
      }
    },
    {
      "operation": "query searchEndpoint($keyword: String!, $serviceId: ID!, $limit: Int!) {\n  searchEndpoint(keyword: $keyword, serviceId: $serviceId, limit: $limit) {\n        id\n  }\n}",
      "variables": {
        "keyword": "random_string_9",
        "serviceId": "\u0000",
        "limit": 7
      },
      "literal_query": "query searchEndpoint {\n  searchEndpoint(keyword: \"random_string_9\", serviceId: \"\\u0000\", limit: 7) {\n        id\n  }\n}",
      "status_code": 200,
      "response": {
        "data": {
          "searchEndpoint": []
        }
      }
    }
  ],
  "getTimeInfo": [
    {
      "operation": "query getTimeInfo {\n  getTimeInfo {\n        timezone\n  }\n}",
      "variables": {},
      "literal_query": "query getTimeInfo {\n  getTimeInfo {\n        timezone\n  }\n}",
      "status_code": 200,
      "response": {
        "data": {
          "getTimeInfo": {
            "timezone": "+0000"
          }
        }
      }
    },
    {
      "operation": "query getTimeInfo {\n  getTimeInfo {\n        timezone\n  }\n}",
      "variables": {},
      "literal_query": "query getTimeInfo {\n  getTimeInfo {\n        timezone\n  }\n}",
      "status_code": 200,
      "response": {
        "data": {
          "getTimeInfo": {
            "timezone": "+0000"
          }
        }
      }
    }
  ],
  "typeOfMetrics": [
    {
      "operation": "query typeOfMetrics($name: String!) {\n  typeOfMetrics(name: $name)\n}",
      "variables": {
        "name": "random_string_319"
      },
      "literal_query": "query typeOfMetrics {\n  typeOfMetrics(name: \"random_string_319\")\n}",
      "status_code": 200,
      "response": {
        "data": {
          "typeOfMetrics": "UNKNOWN"
        }
      }
    },
    {
      "operation": "query typeOfMetrics($name: String!) {\n  typeOfMetrics(name: $name)\n}",
      "variables": {
        "name": "<script>alert(1)</script>"
      },
      "literal_query": "query typeOfMetrics {\n  typeOfMetrics(name: \"<script>alert(1)</script>\")\n}",
      "status_code": 200,
      "response": {
        "data": {
          "typeOfMetrics": "UNKNOWN"
        }
      }
    },
    {
      "operation": "query typeOfMetrics($name: String!) {\n  typeOfMetrics(name: $name)\n}",
      "variables": {
        "name": "' OR 1=1 --"
      },
      "literal_query": "query typeOfMetrics {\n  typeOfMetrics(name: \"' OR 1=1 --\")\n}",
      "status_code": 200,
      "response": {
        "data": {
          "typeOfMetrics": "UNKNOWN"
        }
      }
    },
    {
      "operation": "query typeOfMetrics($name: String!) {\n  typeOfMetrics(name: $name)\n}",
      "variables": {
        "name": ""
      },
      "literal_query": "query typeOfMetrics {\n  typeOfMetrics(name: \"\")\n}",
      "status_code": 200,
      "response": {
        "data": {
          "typeOfMetrics": "UNKNOWN"
        }
      }
    },
    {
      "operation": "query typeOfMetrics($name: String!) {\n  typeOfMetrics(name: $name)\n}",
      "variables": {
        "name": "\u0000"
      },
      "literal_query": "query typeOfMetrics {\n  typeOfMetrics(name: \"\\u0000\")\n}",
      "status_code": 200,
      "response": {
        "data": {
          "typeOfMetrics": "UNKNOWN"
        }
      }
    }
  ],
  "listMetrics": [
    {
      "operation": "query listMetrics {\n  listMetrics {\n        name\n  }\n}",
      "variables": {},
      "literal_query": "query listMetrics {\n  listMetrics {\n        name\n  }\n}",
      "status_code": 200,
      "response": {
        "data": {
          "listMetrics": [
            {
              "name": "browser_app_page_resource_error_sum"
            },
            {
              "name": "service_cpm"
            },
            {
              "name": "service_instance_relation_server_resp_time"
            },
            {
              "name": "browser_app_page_error_rate"
            },
            {
              "name": "browser_app_page_first_pack_avg"
            },
            {
              "name": "endpoint_relation_resp_time"
            },
            {
              "name": "instance_clr_available_worker_threads"
            },
            {
              "name": "service_relation_server_percentile"
            },
            {
              "name": "instance_jvm_thread_live_count"
            },
            {
              "name": "browser_app_page_first_pack_percentile"
            },
            {
              "name": "instance_clr_max_worker_threads"
            },
            {
              "name": "browser_app_page_fmp_avg"
            },
            {
              "name": "endpoint_sla"
            },
            {
              "name": "service_instance_relation_client_resp_time"
            },
            {
              "name": "instance_jvm_young_gc_time"
            },
            {
              "name": "service_apdex"
            },
            {
              "name": "service_instance_relation_client_percentile"
            },
            {
              "name": "browser_app_page_trans_avg"
            },
            {
              "name": "instance_clr_gen1_collect_count"
            },
            {
              "name": "service_instance_relation_client_cpm"
            },
            {
              "name": "service_instance_relation_server_cpm"
            },
            {
              "name": "browser_app_page_load_page_percentile"
            },
            {
              "name": "service_instance_cpm"
            },
            {
              "name": "instance_jvm_young_gc_count"
            },
            {
              "name": "endpoint_relation_percentile"
            },
            {
              "name": "service_percentile"
            },
            {
              "name": "database_access_resp_time"
            },
            {
              "name": "all_heatmap"
            },
            {
              "name": "endpoint_relation_sla"
            },
            {
              "name": "browser_app_page_dom_ready_percentile"
            },
            {
              "name": "instance_clr_heap_memory"
            },
            {
              "name": "instance_jvm_thread_daemon_count"
            },
            {
              "name": "database_access_cpm"
            },
            {
              "name": "instance_jvm_old_gc_time"
            },
            {
              "name": "instance_jvm_memory_noheap_max"
            },
            {
              "name": "browser_app_page_pv"
            },
            {
              "name": "browser_app_single_version_error_rate"
            },
            {
              "name": "browser_app_page_fpt_avg"
            },
            {
              "name": "browser_app_page_fmp_percentile"
            },
            {
              "name": "browser_app_page_error_sum"
            },
            {
              "name": "endpoint_avg"
            },
            {
              "name": "service_relation_client_percentile"
            },
            {
              "name": "browser_app_page_unknown_error_sum"
            },
            {
              "name": "instance_clr_cpu"
            },
            {
              "name": "instance_clr_available_completion_port_threads"
            },
            {
              "name": "service_sla"
            },
            {
              "name": "browser_app_page_dom_analysis_avg"
            },
            {
              "name": "service_relation_client_cpm"
            },
            {
              "name": "service_relation_server_resp_time"
            },
            {
              "name": "service_instance_resp_time"
            },
            {
              "name": "segment"
            },
            {
              "name": "browser_app_single_version_pv"
            },
            {
              "name": "browser_app_error_rate"
            },
            {
              "name": "browser_app_single_version_error_sum"
            },
            {
              "name": "browser_app_error_sum"
            },
            {
              "name": "browser_app_page_dns_avg"
            },
            {
              "name": "browser_app_page_dom_ready_avg"
            },
            {
              "name": "instance_clr_gen0_collect_count"
            },
            {
              "name": "envoy_total_connections_used"
            },
            {
              "name": "browser_app_page_ajax_error_sum"
            },
            {
              "name": "browser_app_page_ttl_avg"
            },
            {
              "name": "instance_clr_gen2_collect_count"
            },
            {
              "name": "endpoint_cpm"
            },
            {
              "name": "instance_jvm_old_gc_count"
            },
            {
              "name": "top_n_database_statement"
            },
            {
              "name": "database_access_percentile"
            },
            {
              "name": "instance_jvm_thread_peak_count"
            },
            {
              "name": "all_percentile"
            },
            {
              "name": "browser_app_page_fpt_percentile"
            },
            {
              "name": "endpoint_percentile"
            },
            {
              "name": "service_instance_sla"
            },
            {
              "name": "endpoint_relation_cpm"
            },
            {
              "name": "instance_jvm_memory_noheap"
            },
            {
              "name": "database_access_sla"
            },
            {
              "name": "service_resp_time"
            },
            {
              "name": "service_relation_client_resp_time"
            },
            {
              "name": "browser_app_page_redirect_avg"
            },
            {
              "name": "browser_app_page_js_error_sum"
            },
            {
              "name": "service_relation_server_call_sla"
            },
            {
              "name": "service_instance_relation_server_percentile"
            },
            {
              "name": "browser_app_page_ttl_percentile"
            },
            {
              "name": "browser_app_page_res_avg"
            },
            {
              "name": "service_relation_client_call_sla"
            },
            {
              "name": "instance_jvm_cpu"
            },
            {
              "name": "browser_app_page_ssl_avg"
            },
            {
              "name": "instance_jvm_memory_heap"
            },
            {
              "name": "browser_app_page_tcp_avg"
            },
            {
              "name": "browser_app_page_ttfb_avg"
            },
            {
              "name": "browser_app_page_load_page_avg"
            },
            {
              "name": "envoy_heap_memory_max_used"
            },
            {
              "name": "instance_clr_max_completion_port_threads"
            },
            {
              "name": "instance_jvm_memory_heap_max"
            },
            {
              "name": "service_instance_relation_server_call_sla"
            },
            {
              "name": "browser_app_pv"
            },
            {
              "name": "service_relation_server_cpm"
            },
            {
              "name": "service_instance_relation_client_call_sla"
            },
            {
              "name": "envoy_parent_connections_used"
            }
          ]
        }
      }
    },
    {
      "operation": "query listMetrics {\n  listMetrics {\n        name\n  }\n}",
      "variables": {},
      "literal_query": "query listMetrics {\n  listMetrics {\n        name\n  }\n}",
      "status_code": 200,
      "response": {
        "data": {
          "listMetrics": [
            {
              "name": "browser_app_page_resource_error_sum"
            },
            {
              "name": "service_cpm"
            },
            {
              "name": "service_instance_relation_server_resp_time"
            },
            {
              "name": "browser_app_page_error_rate"
            },
            {
              "name": "browser_app_page_first_pack_avg"
            },
            {
              "name": "endpoint_relation_resp_time"
            },
            {
              "name": "instance_clr_available_worker_threads"
            },
            {
              "name": "service_relation_server_percentile"
            },
            {
              "name": "instance_jvm_thread_live_count"
            },
            {
              "name": "browser_app_page_first_pack_percentile"
            },
            {
              "name": "instance_clr_max_worker_threads"
            },
            {
              "name": "browser_app_page_fmp_avg"
            },
            {
              "name": "endpoint_sla"
            },
            {
              "name": "service_instance_relation_client_resp_time"
            },
            {
              "name": "instance_jvm_young_gc_time"
            },
            {
              "name": "service_apdex"
            },
            {
              "name": "service_instance_relation_client_percentile"
            },
            {
              "name": "browser_app_page_trans_avg"
            },
            {
              "name": "instance_clr_gen1_collect_count"
            },
            {
              "name": "service_instance_relation_client_cpm"
            },
            {
              "name": "service_instance_relation_server_cpm"
            },
            {
              "name": "browser_app_page_load_page_percentile"
            },
            {
              "name": "service_instance_cpm"
            },
            {
              "name": "instance_jvm_young_gc_count"
            },
            {
              "name": "endpoint_relation_percentile"
            },
            {
              "name": "service_percentile"
            },
            {
              "name": "database_access_resp_time"
            },
            {
              "name": "all_heatmap"
            },
            {
              "name": "endpoint_relation_sla"
            },
            {
              "name": "browser_app_page_dom_ready_percentile"
            },
            {
              "name": "instance_clr_heap_memory"
            },
            {
              "name": "instance_jvm_thread_daemon_count"
            },
            {
              "name": "database_access_cpm"
            },
            {
              "name": "instance_jvm_old_gc_time"
            },
            {
              "name": "instance_jvm_memory_noheap_max"
            },
            {
              "name": "browser_app_page_pv"
            },
            {
              "name": "browser_app_single_version_error_rate"
            },
            {
              "name": "browser_app_page_fpt_avg"
            },
            {
              "name": "browser_app_page_fmp_percentile"
            },
            {
              "name": "browser_app_page_error_sum"
            },
            {
              "name": "endpoint_avg"
            },
            {
              "name": "service_relation_client_percentile"
            },
            {
              "name": "browser_app_page_unknown_error_sum"
            },
            {
              "name": "instance_clr_cpu"
            },
            {
              "name": "instance_clr_available_completion_port_threads"
            },
            {
              "name": "service_sla"
            },
            {
              "name": "browser_app_page_dom_analysis_avg"
            },
            {
              "name": "service_relation_client_cpm"
            },
            {
              "name": "service_relation_server_resp_time"
            },
            {
              "name": "service_instance_resp_time"
            },
            {
              "name": "segment"
            },
            {
              "name": "browser_app_single_version_pv"
            },
            {
              "name": "browser_app_error_rate"
            },
            {
              "name": "browser_app_single_version_error_sum"
            },
            {
              "name": "browser_app_error_sum"
            },
            {
              "name": "browser_app_page_dns_avg"
            },
            {
              "name": "browser_app_page_dom_ready_avg"
            },
            {
              "name": "instance_clr_gen0_collect_count"
            },
            {
              "name": "envoy_total_connections_used"
            },
            {
              "name": "browser_app_page_ajax_error_sum"
            },
            {
              "name": "browser_app_page_ttl_avg"
            },
            {
              "name": "instance_clr_gen2_collect_count"
            },
            {
              "name": "endpoint_cpm"
            },
            {
              "name": "instance_jvm_old_gc_count"
            },
            {
              "name": "top_n_database_statement"
            },
            {
              "name": "database_access_percentile"
            },
            {
              "name": "instance_jvm_thread_peak_count"
            },
            {
              "name": "all_percentile"
            },
            {
              "name": "browser_app_page_fpt_percentile"
            },
            {
              "name": "endpoint_percentile"
            },
            {
              "name": "service_instance_sla"
            },
            {
              "name": "endpoint_relation_cpm"
            },
            {
              "name": "instance_jvm_memory_noheap"
            },
            {
              "name": "database_access_sla"
            },
            {
              "name": "service_resp_time"
            },
            {
              "name": "service_relation_client_resp_time"
            },
            {
              "name": "browser_app_page_redirect_avg"
            },
            {
              "name": "browser_app_page_js_error_sum"
            },
            {
              "name": "service_relation_server_call_sla"
            },
            {
              "name": "service_instance_relation_server_percentile"
            },
            {
              "name": "browser_app_page_ttl_percentile"
            },
            {
              "name": "browser_app_page_res_avg"
            },
            {
              "name": "service_relation_client_call_sla"
            },
            {
              "name": "instance_jvm_cpu"
            },
            {
              "name": "browser_app_page_ssl_avg"
            },
            {
              "name": "instance_jvm_memory_heap"
            },
            {
              "name": "browser_app_page_tcp_avg"
            },
            {
              "name": "browser_app_page_ttfb_avg"
            },
            {
              "name": "browser_app_page_load_page_avg"
            },
            {
              "name": "envoy_heap_memory_max_used"
            },
            {
              "name": "instance_clr_max_completion_port_threads"
            },
            {
              "name": "instance_jvm_memory_heap_max"
            },
            {
              "name": "service_instance_relation_server_call_sla"
            },
            {
              "name": "browser_app_pv"
            },
            {
              "name": "service_relation_server_cpm"
            },
            {
              "name": "service_instance_relation_client_call_sla"
            },
            {
              "name": "envoy_parent_connections_used"
            }
          ]
        }
      }
    },
    {
      "operation": "query listMetrics($regex: String) {\n  listMetrics(regex: $regex) {\n        name\n  }\n}",
      "variables": {
        "regex": "<script>alert(1)</script>"
      },
      "literal_query": "query listMetrics {\n  listMetrics(regex: \"<script>alert(1)</script>\") {\n        name\n  }\n}",
      "status_code": 200,
      "response": {
        "data": {
          "listMetrics": []
        }
      }
    },
    {
      "operation": "query listMetrics($regex: String) {\n  listMetrics(regex: $regex) {\n        name\n  }\n}",
      "variables": {
        "regex": "' OR 1=1 --"
      },
      "literal_query": "query listMetrics {\n  listMetrics(regex: \"' OR 1=1 --\") {\n        name\n  }\n}",
      "status_code": 200,
      "response": {
        "data": {
          "listMetrics": []
        }
      }
    },
    {
      "operation": "query listMetrics($regex: String) {\n  listMetrics(regex: $regex) {\n        name\n  }\n}",
      "variables": {
        "regex": "random_string_820"
      },
      "literal_query": "query listMetrics {\n  listMetrics(regex: \"random_string_820\") {\n        name\n  }\n}",
      "status_code": 200,
      "response": {
        "data": {
          "listMetrics": []
        }
      }
    },
    {
      "operation": "query listMetrics($regex: String) {\n  listMetrics(regex: $regex) {\n        name\n  }\n}",
      "variables": {
        "regex": ""
      },
      "literal_query": "query listMetrics {\n  listMetrics(regex: \"\") {\n        name\n  }\n}",
      "status_code": 200,
      "response": {
        "data": {
          "listMetrics": [
            {
              "name": "browser_app_page_resource_error_sum"
            },
            {
              "name": "service_cpm"
            },
            {
              "name": "service_instance_relation_server_resp_time"
            },
            {
              "name": "browser_app_page_error_rate"
            },
            {
              "name": "browser_app_page_first_pack_avg"
            },
            {
              "name": "endpoint_relation_resp_time"
            },
            {
              "name": "instance_clr_available_worker_threads"
            },
            {
              "name": "service_relation_server_percentile"
            },
            {
              "name": "instance_jvm_thread_live_count"
            },
            {
              "name": "browser_app_page_first_pack_percentile"
            },
            {
              "name": "instance_clr_max_worker_threads"
            },
            {
              "name": "browser_app_page_fmp_avg"
            },
            {
              "name": "endpoint_sla"
            },
            {
              "name": "service_instance_relation_client_resp_time"
            },
            {
              "name": "instance_jvm_young_gc_time"
            },
            {
              "name": "service_apdex"
            },
            {
              "name": "service_instance_relation_client_percentile"
            },
            {
              "name": "browser_app_page_trans_avg"
            },
            {
              "name": "instance_clr_gen1_collect_count"
            },
            {
              "name": "service_instance_relation_client_cpm"
            },
            {
              "name": "service_instance_relation_server_cpm"
            },
            {
              "name": "browser_app_page_load_page_percentile"
            },
            {
              "name": "service_instance_cpm"
            },
            {
              "name": "instance_jvm_young_gc_count"
            },
            {
              "name": "endpoint_relation_percentile"
            },
            {
              "name": "service_percentile"
            },
            {
              "name": "database_access_resp_time"
            },
            {
              "name": "all_heatmap"
            },
            {
              "name": "endpoint_relation_sla"
            },
            {
              "name": "browser_app_page_dom_ready_percentile"
            },
            {
              "name": "instance_clr_heap_memory"
            },
            {
              "name": "instance_jvm_thread_daemon_count"
            },
            {
              "name": "database_access_cpm"
            },
            {
              "name": "instance_jvm_old_gc_time"
            },
            {
              "name": "instance_jvm_memory_noheap_max"
            },
            {
              "name": "browser_app_page_pv"
            },
            {
              "name": "browser_app_single_version_error_rate"
            },
            {
              "name": "browser_app_page_fpt_avg"
            },
            {
              "name": "browser_app_page_fmp_percentile"
            },
            {
              "name": "browser_app_page_error_sum"
            },
            {
              "name": "endpoint_avg"
            },
            {
              "name": "service_relation_client_percentile"
            },
            {
              "name": "browser_app_page_unknown_error_sum"
            },
            {
              "name": "instance_clr_cpu"
            },
            {
              "name": "instance_clr_available_completion_port_threads"
            },
            {
              "name": "service_sla"
            },
            {
              "name": "browser_app_page_dom_analysis_avg"
            },
            {
              "name": "service_relation_client_cpm"
            },
            {
              "name": "service_relation_server_resp_time"
            },
            {
              "name": "service_instance_resp_time"
            },
            {
              "name": "segment"
            },
            {
              "name": "browser_app_single_version_pv"
            },
            {
              "name": "browser_app_error_rate"
            },
            {
              "name": "browser_app_single_version_error_sum"
            },
            {
              "name": "browser_app_error_sum"
            },
            {
              "name": "browser_app_page_dns_avg"
            },
            {
              "name": "browser_app_page_dom_ready_avg"
            },
            {
              "name": "instance_clr_gen0_collect_count"
            },
            {
              "name": "envoy_total_connections_used"
            },
            {
              "name": "browser_app_page_ajax_error_sum"
            },
            {
              "name": "browser_app_page_ttl_avg"
            },
            {
              "name": "instance_clr_gen2_collect_count"
            },
            {
              "name": "endpoint_cpm"
            },
            {
              "name": "instance_jvm_old_gc_count"
            },
            {
              "name": "top_n_database_statement"
            },
            {
              "name": "database_access_percentile"
            },
            {
              "name": "instance_jvm_thread_peak_count"
            },
            {
              "name": "all_percentile"
            },
            {
              "name": "browser_app_page_fpt_percentile"
            },
            {
              "name": "endpoint_percentile"
            },
            {
              "name": "service_instance_sla"
            },
            {
              "name": "endpoint_relation_cpm"
            },
            {
              "name": "instance_jvm_memory_noheap"
            },
            {
              "name": "database_access_sla"
            },
            {
              "name": "service_resp_time"
            },
            {
              "name": "service_relation_client_resp_time"
            },
            {
              "name": "browser_app_page_redirect_avg"
            },
            {
              "name": "browser_app_page_js_error_sum"
            },
            {
              "name": "service_relation_server_call_sla"
            },
            {
              "name": "service_instance_relation_server_percentile"
            },
            {
              "name": "browser_app_page_ttl_percentile"
            },
            {
              "name": "browser_app_page_res_avg"
            },
            {
              "name": "service_relation_client_call_sla"
            },
            {
              "name": "instance_jvm_cpu"
            },
            {
              "name": "browser_app_page_ssl_avg"
            },
            {
              "name": "instance_jvm_memory_heap"
            },
            {
              "name": "browser_app_page_tcp_avg"
            },
            {
              "name": "browser_app_page_ttfb_avg"
            },
            {
              "name": "browser_app_page_load_page_avg"
            },
            {
              "name": "envoy_heap_memory_max_used"
            },
            {
              "name": "instance_clr_max_completion_port_threads"
            },
            {
              "name": "instance_jvm_memory_heap_max"
            },
            {
              "name": "service_instance_relation_server_call_sla"
            },
            {
              "name": "browser_app_pv"
            },
            {
              "name": "service_relation_server_cpm"
            },
            {
              "name": "service_instance_relation_client_call_sla"
            },
            {
              "name": "envoy_parent_connections_used"
            }
          ]
        }
      }
    },
    {
      "operation": "query listMetrics($regex: String) {\n  listMetrics(regex: $regex) {\n        name\n  }\n}",
      "variables": {
        "regex": "\u0000"
      },
      "literal_query": "query listMetrics {\n  listMetrics(regex: \"\\u0000\") {\n        name\n  }\n}",
      "status_code": 200,
      "response": {
        "data": {
          "listMetrics": []
        }
      }
    }
  ],
  "queryTrace": [
    {
      "operation": "query queryTrace($traceId: ID!) {\n  queryTrace(traceId: $traceId) {\n        spans {\n      traceId\n    }\n  }\n}",
      "variables": {
        "traceId": "472"
      },
      "literal_query": "query queryTrace {\n  queryTrace(traceId: \"472\") {\n        spans {\n      traceId\n    }\n  }\n}",
      "status_code": 200,
      "response": {
        "data": {
          "queryTrace": {
            "spans": []
          }
        }
      }
    },
    {
      "operation": "query queryTrace($traceId: ID!) {\n  queryTrace(traceId: $traceId) {\n        spans {\n      traceId\n    }\n  }\n}",
      "variables": {
        "traceId": "' OR 1=1 --"
      },
      "literal_query": "query queryTrace {\n  queryTrace(traceId: \"' OR 1=1 --\") {\n        spans {\n      traceId\n    }\n  }\n}",
      "status_code": 200,
      "response": {
        "data": {
          "queryTrace": {
            "spans": []
          }
        }
      }
    },
    {
      "operation": "query queryTrace($traceId: ID!) {\n  queryTrace(traceId: $traceId) {\n        spans {\n      traceId\n    }\n  }\n}",
      "variables": {
        "traceId": "<script>alert(1)</script>"
      },
      "literal_query": "query queryTrace {\n  queryTrace(traceId: \"<script>alert(1)</script>\") {\n        spans {\n      traceId\n    }\n  }\n}",
      "status_code": 200,
      "response": {
        "data": {
          "queryTrace": {
            "spans": []
          }
        }
      }
    },
    {
      "operation": "query queryTrace($traceId: ID!) {\n  queryTrace(traceId: $traceId) {\n        spans {\n      traceId\n    }\n  }\n}",
      "variables": {
        "traceId": 2147483647
      },
      "literal_query": "query queryTrace {\n  queryTrace(traceId: 2147483647) {\n        spans {\n      traceId\n    }\n  }\n}",
      "status_code": 200,
      "response": {
        "data": {
          "queryTrace": {
            "spans": []
          }
        }
      }
    },
    {
      "operation": "query queryTrace($traceId: ID!) {\n  queryTrace(traceId: $traceId) {\n        spans {\n      traceId\n    }\n  }\n}",
      "variables": {
        "traceId": ""
      },
      "literal_query": "query queryTrace {\n  queryTrace(traceId: \"\") {\n        spans {\n      traceId\n    }\n  }\n}",
      "status_code": 200,
      "response": {
        "data": {
          "queryTrace": {
            "spans": []
          }
        }
      }
    },
    {
      "operation": "query queryTrace($traceId: ID!) {\n  queryTrace(traceId: $traceId) {\n        spans {\n      traceId\n    }\n  }\n}",
      "variables": {
        "traceId": "\u0000"
      },
      "literal_query": "query queryTrace {\n  queryTrace(traceId: \"\\u0000\") {\n        spans {\n      traceId\n    }\n  }\n}",
      "status_code": 200,
      "response": {
        "data": {
          "queryTrace": {
            "spans": []
          }
        }
      }
    }
  ],
  "getProfileTaskList": [
    {
      "operation": "query getProfileTaskList($endpointName: String, $serviceId: ID) {\n  getProfileTaskList(serviceId: $serviceId, endpointName: $endpointName) {\n        id\n  }\n}",
      "variables": {
        "serviceId": null,
        "endpointName": "<script>alert(1)</script>"
      },
      "literal_query": "query getProfileTaskList {\n  getProfileTaskList(serviceId: null, endpointName: \"<script>alert(1)</script>\") {\n        id\n  }\n}",
      "status_code": 200,
      "response": {
        "data": {
          "getProfileTaskList": []
        }
      }
    },
    {
      "operation": "query getProfileTaskList($endpointName: String, $serviceId: ID) {\n  getProfileTaskList(serviceId: $serviceId, endpointName: $endpointName) {\n        id\n  }\n}",
      "variables": {
        "serviceId": null,
        "endpointName": "' OR 1=1 --"
      },
      "literal_query": "query getProfileTaskList {\n  getProfileTaskList(serviceId: null, endpointName: \"' OR 1=1 --\") {\n        id\n  }\n}",
      "status_code": 200,
      "response": {
        "data": {
          "getProfileTaskList": []
        }
      }
    },
    {
      "operation": "query getProfileTaskList($endpointName: String, $serviceId: ID) {\n  getProfileTaskList(serviceId: $serviceId, endpointName: $endpointName) {\n        id\n  }\n}",
      "variables": {
        "serviceId": null,
        "endpointName": "random_string_369"
      },
      "literal_query": "query getProfileTaskList {\n  getProfileTaskList(serviceId: null, endpointName: \"random_string_369\") {\n        id\n  }\n}",
      "status_code": 200,
      "response": {
        "data": {
          "getProfileTaskList": []
        }
      }
    },
    {
      "operation": "query getProfileTaskList($endpointName: String, $serviceId: ID) {\n  getProfileTaskList(serviceId: $serviceId, endpointName: $endpointName) {\n        id\n  }\n}",
      "variables": {
        "serviceId": null,
        "endpointName": "\u0000"
      },
      "literal_query": "query getProfileTaskList {\n  getProfileTaskList(serviceId: null, endpointName: \"\\u0000\") {\n        id\n  }\n}",
      "status_code": 200,
      "response": {
        "data": {
          "getProfileTaskList": []
        }
      }
    },
    {
      "operation": "query getProfileTaskList($endpointName: String, $serviceId: ID) {\n  getProfileTaskList(serviceId: $serviceId, endpointName: $endpointName) {\n        id\n  }\n}",
      "variables": {
        "serviceId": "' OR 1=1 --",
        "endpointName": null
      },
      "literal_query": "query getProfileTaskList {\n  getProfileTaskList(serviceId: \"' OR 1=1 --\", endpointName: null) {\n        id\n  }\n}",
      "status_code": 200,
      "response": {
        "data": {
          "getProfileTaskList": []
        }
      }
    },
    {
      "operation": "query getProfileTaskList($endpointName: String, $serviceId: ID) {\n  getProfileTaskList(serviceId: $serviceId, endpointName: $endpointName) {\n        id\n  }\n}",
      "variables": {
        "serviceId": "<script>alert(1)</script>",
        "endpointName": null
      },
      "literal_query": "query getProfileTaskList {\n  getProfileTaskList(serviceId: \"<script>alert(1)</script>\", endpointName: null) {\n        id\n  }\n}",
      "status_code": 200,
      "response": {
        "data": {
          "getProfileTaskList": []
        }
      }
    },
    {
      "operation": "query getProfileTaskList($endpointName: String, $serviceId: ID) {\n  getProfileTaskList(serviceId: $serviceId, endpointName: $endpointName) {\n        id\n  }\n}",
      "variables": {
        "serviceId": 2147483647,
        "endpointName": null
      },
      "literal_query": "query getProfileTaskList {\n  getProfileTaskList(serviceId: 2147483647, endpointName: null) {\n        id\n  }\n}",
      "status_code": 200,
      "response": {
        "data": {
          "getProfileTaskList": []
        }
      }
    },
    {
      "operation": "query getProfileTaskList($endpointName: String, $serviceId: ID) {\n  getProfileTaskList(serviceId: $serviceId, endpointName: $endpointName) {\n        id\n  }\n}",
      "variables": {
        "serviceId": "206",
        "endpointName": null
      },
      "literal_query": "query getProfileTaskList {\n  getProfileTaskList(serviceId: \"206\", endpointName: null) {\n        id\n  }\n}",
      "status_code": 200,
      "response": {
        "data": {
          "getProfileTaskList": []
        }
      }
    },
    {
      "operation": "query getProfileTaskList($endpointName: String, $serviceId: ID) {\n  getProfileTaskList(serviceId: $serviceId, endpointName: $endpointName) {\n        id\n  }\n}",
      "variables": {
        "serviceId": "\u0000",
        "endpointName": null
      },
      "literal_query": "query getProfileTaskList {\n  getProfileTaskList(serviceId: \"\\u0000\", endpointName: null) {\n        id\n  }\n}",
      "status_code": 200,
      "response": {
        "data": {
          "getProfileTaskList": []
        }
      }
    }
  ],
  "getProfileTaskSegmentList": [
    {
      "operation": "query getProfileTaskSegmentList($taskID: String) {\n  getProfileTaskSegmentList(taskID: $taskID) {\n        segmentId\n  }\n}",
      "variables": {
        "taskID": "<script>alert(1)</script>"
      },
      "literal_query": "query getProfileTaskSegmentList {\n  getProfileTaskSegmentList(taskID: \"<script>alert(1)</script>\") {\n        segmentId\n  }\n}",
      "status_code": 200,
      "response": {
        "data": {
          "getProfileTaskSegmentList": []
        }
      }
    },
    {
      "operation": "query getProfileTaskSegmentList($taskID: String) {\n  getProfileTaskSegmentList(taskID: $taskID) {\n        segmentId\n  }\n}",
      "variables": {
        "taskID": "' OR 1=1 --"
      },
      "literal_query": "query getProfileTaskSegmentList {\n  getProfileTaskSegmentList(taskID: \"' OR 1=1 --\") {\n        segmentId\n  }\n}",
      "status_code": 200,
      "response": {
        "data": {
          "getProfileTaskSegmentList": []
        }
      }
    },
    {
      "operation": "query getProfileTaskSegmentList($taskID: String) {\n  getProfileTaskSegmentList(taskID: $taskID) {\n        segmentId\n  }\n}",
      "variables": {
        "taskID": "random_string_234"
      },
      "literal_query": "query getProfileTaskSegmentList {\n  getProfileTaskSegmentList(taskID: \"random_string_234\") {\n        segmentId\n  }\n}",
      "status_code": 200,
      "response": {
        "data": {
          "getProfileTaskSegmentList": []
        }
      }
    },
    {
      "operation": "query getProfileTaskSegmentList($taskID: String) {\n  getProfileTaskSegmentList(taskID: $taskID) {\n        segmentId\n  }\n}",
      "variables": {
        "taskID": ""
      },
      "literal_query": "query getProfileTaskSegmentList {\n  getProfileTaskSegmentList(taskID: \"\") {\n        segmentId\n  }\n}",
      "status_code": 200,
      "response": {
        "data": {
          "getProfileTaskSegmentList": []
        }
      }
    },
    {
      "operation": "query getProfileTaskSegmentList($taskID: String) {\n  getProfileTaskSegmentList(taskID: $taskID) {\n        segmentId\n  }\n}",
      "variables": {
        "taskID": "\u0000"
      },
      "literal_query": "query getProfileTaskSegmentList {\n  getProfileTaskSegmentList(taskID: \"\\u0000\") {\n        segmentId\n  }\n}",
      "status_code": 200,
      "response": {
        "data": {
          "getProfileTaskSegmentList": []
        }
      }
    }
  ],
  "getProfileAnalyze": [
    {
      "operation": "query getProfileAnalyze($segmentId: String!, $timeRanges: [ProfileAnalyzeTimeRange!]!) {\n  getProfileAnalyze(segmentId: $segmentId, timeRanges: $timeRanges) {\n        tip\n  }\n}",
      "variables": {
        "segmentId": "random_string_864",
        "timeRanges": [
          {
            "start": "9223372036854775807",
            "end": "9223372036854775807"
          }
        ]
      },
      "literal_query": "query getProfileAnalyze {\n  getProfileAnalyze(segmentId: \"random_string_864\", timeRanges: [{start: \"9223372036854775807\", end: \"9223372036854775807\"}]) {\n        tip\n  }\n}",
      "status_code": 200,
      "response": {
        "data": {
          "getProfileAnalyze": {}
        }
      }
    },
    {
      "operation": "query getProfileAnalyze($segmentId: String!, $timeRanges: [ProfileAnalyzeTimeRange!]!) {\n  getProfileAnalyze(segmentId: $segmentId, timeRanges: $timeRanges) {\n        tip\n  }\n}",
      "variables": {
        "segmentId": "<script>alert(1)</script>",
        "timeRanges": [
          {
            "start": "9223372036854775807",
            "end": "9223372036854775807"
          }
        ]
      },
      "literal_query": "query getProfileAnalyze {\n  getProfileAnalyze(segmentId: \"<script>alert(1)</script>\", timeRanges: [{start: \"9223372036854775807\", end: \"9223372036854775807\"}]) {\n        tip\n  }\n}",
      "status_code": 200,
      "response": {
        "data": {
          "getProfileAnalyze": {}
        }
      }
    },
    {
      "operation": "query getProfileAnalyze($segmentId: String!, $timeRanges: [ProfileAnalyzeTimeRange!]!) {\n  getProfileAnalyze(segmentId: $segmentId, timeRanges: $timeRanges) {\n        tip\n  }\n}",
      "variables": {
        "segmentId": "' OR 1=1 --",
        "timeRanges": [
          {
            "start": "9223372036854775807",
            "end": "9223372036854775807"
          }
        ]
      },
      "literal_query": "query getProfileAnalyze {\n  getProfileAnalyze(segmentId: \"' OR 1=1 --\", timeRanges: [{start: \"9223372036854775807\", end: \"9223372036854775807\"}]) {\n        tip\n  }\n}",
      "status_code": 200,
      "response": {
        "data": {
          "getProfileAnalyze": {}
        }
      }
    },
    {
      "operation": "query getProfileAnalyze($segmentId: String!, $timeRanges: [ProfileAnalyzeTimeRange!]!) {\n  getProfileAnalyze(segmentId: $segmentId, timeRanges: $timeRanges) {\n        tip\n  }\n}",
      "variables": {
        "segmentId": "",
        "timeRanges": [
          {
            "start": "9223372036854775807",
            "end": "9223372036854775807"
          }
        ]
      },
      "literal_query": "query getProfileAnalyze {\n  getProfileAnalyze(segmentId: \"\", timeRanges: [{start: \"9223372036854775807\", end: \"9223372036854775807\"}]) {\n        tip\n  }\n}",
      "status_code": 200,
      "response": {
        "data": {
          "getProfileAnalyze": {}
        }
      }
    },
    {
      "operation": "query getProfileAnalyze($segmentId: String!, $timeRanges: [ProfileAnalyzeTimeRange!]!) {\n  getProfileAnalyze(segmentId: $segmentId, timeRanges: $timeRanges) {\n        tip\n  }\n}",
      "variables": {
        "segmentId": "\u0000",
        "timeRanges": [
          {
            "start": "9223372036854775807",
            "end": "9223372036854775807"
          }
        ]
      },
      "literal_query": "query getProfileAnalyze {\n  getProfileAnalyze(segmentId: \"\\u0000\", timeRanges: [{start: \"9223372036854775807\", end: \"9223372036854775807\"}]) {\n        tip\n  }\n}",
      "status_code": 200,
      "response": {
        "data": {
          "getProfileAnalyze": {}
        }
      }
    },
    {
      "operation": "query getProfileAnalyze($segmentId: String!, $timeRanges: [ProfileAnalyzeTimeRange!]!) {\n  getProfileAnalyze(segmentId: $segmentId, timeRanges: $timeRanges) {\n        tip\n  }\n}",
      "variables": {
        "segmentId": "random_string_434",
        "timeRanges": [
          {
            "start": 2147483647,
            "end": 2147483647
          }
        ]
      },
      "literal_query": "query getProfileAnalyze {\n  getProfileAnalyze(segmentId: \"random_string_434\", timeRanges: [{start: 2147483647, end: 2147483647}]) {\n        tip\n  }\n}",
      "status_code": 200,
      "response": {
        "data": {
          "getProfileAnalyze": {}
        }
      }
    }
  ],
  "getAllTemplates": [
    {
      "operation": "query getAllTemplates {\n  getAllTemplates {\n        name\n  }\n}",
      "variables": {},
      "literal_query": "query getAllTemplates {\n  getAllTemplates {\n        name\n  }\n}",
      "status_code": 200,
      "response": {
        "data": {
          "getAllTemplates": [
            {
              "name": "APM"
            },
            {
              "name": "Database"
            },
            {
              "name": "Istio"
            },
            {
              "name": "SelfObservability"
            },
            {
              "name": "Spring-Sleuth"
            },
            {
              "name": "Topology Endpoint"
            },
            {
              "name": "Topology Instance"
            },
            {
              "name": "Web Browser"
            },
            {
              "name": "random_string_469"
            },
            {
              "name": "random_string_861"
            },
            {
              "name": "random_string_923"
            }
          ]
        }
      }
    },
    {
      "operation": "query getAllTemplates {\n  getAllTemplates {\n        name\n  }\n}",
      "variables": {},
      "literal_query": "query getAllTemplates {\n  getAllTemplates {\n        name\n  }\n}",
      "status_code": 200,
      "response": {
        "data": {
          "getAllTemplates": [
            {
              "name": "APM"
            },
            {
              "name": "Database"
            },
            {
              "name": "Istio"
            },
            {
              "name": "SelfObservability"
            },
            {
              "name": "Spring-Sleuth"
            },
            {
              "name": "Topology Endpoint"
            },
            {
              "name": "Topology Instance"
            },
            {
              "name": "Web Browser"
            },
            {
              "name": "random_string_469"
            },
            {
              "name": "random_string_861"
            },
            {
              "name": "random_string_923"
            }
          ]
        }
      }
    },
    {
      "operation": "query getAllTemplates($includingDisabled: Boolean) {\n  getAllTemplates(includingDisabled: $includingDisabled) {\n        name\n  }\n}",
      "variables": {
        "includingDisabled": false
      },
      "literal_query": "query getAllTemplates {\n  getAllTemplates(includingDisabled: false) {\n        name\n  }\n}",
      "status_code": 200,
      "response": {
        "data": {
          "getAllTemplates": [
            {
              "name": "APM"
            },
            {
              "name": "Database"
            },
            {
              "name": "Istio"
            },
            {
              "name": "SelfObservability"
            },
            {
              "name": "Spring-Sleuth"
            },
            {
              "name": "Topology Endpoint"
            },
            {
              "name": "Topology Instance"
            },
            {
              "name": "Web Browser"
            },
            {
              "name": "random_string_469"
            },
            {
              "name": "random_string_861"
            },
            {
              "name": "random_string_923"
            }
          ]
        }
      }
    }
  ],
  "createProfileTask": [
    {
      "operation": "mutation createProfileTask($creationRequest: ProfileTaskCreationRequest) {\n  createProfileTask(creationRequest: $creationRequest) {\n        errorReason\n  }\n}",
      "variables": {
        "creationRequest": {
          "serviceId": "224",
          "endpointName": "random_string_886",
          "startTime": null,
          "duration": 2,
          "minDurationThreshold": 8,
          "dumpPeriod": 6,
          "maxSamplingCount": 6
        }
      },
      "literal_query": "mutation createProfileTask {\n  createProfileTask(creationRequest: {serviceId: \"224\", endpointName: \"random_string_886\", startTime: null, duration: 2, minDurationThreshold: 8, dumpPeriod: 6, maxSamplingCount: 6}) {\n        errorReason\n  }\n}",
      "status_code": 200,
      "response": {
        "data": {
          "createProfileTask": {
            "errorReason": "dump period must be greater than or equals 10 milliseconds"
          }
        }
      }
    },
    {
      "operation": "mutation createProfileTask($creationRequest: ProfileTaskCreationRequest) {\n  createProfileTask(creationRequest: $creationRequest) {\n        errorReason\n  }\n}",
      "variables": {
        "creationRequest": {
          "serviceId": "240",
          "endpointName": "random_string_763",
          "startTime": null,
          "duration": -2147483648,
          "minDurationThreshold": -2147483648,
          "dumpPeriod": -2147483648,
          "maxSamplingCount": -2147483648
        }
      },
      "literal_query": "mutation createProfileTask {\n  createProfileTask(creationRequest: {serviceId: \"240\", endpointName: \"random_string_763\", startTime: null, duration: -2147483648, minDurationThreshold: -2147483648, dumpPeriod: -2147483648, maxSamplingCount: -2147483648}) {\n        errorReason\n  }\n}",
      "status_code": 200,
      "response": {
        "data": {
          "createProfileTask": {
            "errorReason": "monitor duration must greater than 1 minutes"
          }
        }
      }
    },
    {
      "operation": "mutation createProfileTask($creationRequest: ProfileTaskCreationRequest) {\n  createProfileTask(creationRequest: $creationRequest) {\n        errorReason\n  }\n}",
      "variables": {
        "creationRequest": {
          "serviceId": "342",
          "endpointName": "random_string_932",
          "startTime": null,
          "duration": 2147483647,
          "minDurationThreshold": 2147483647,
          "dumpPeriod": 2147483647,
          "maxSamplingCount": 2147483647
        }
      },
      "literal_query": "mutation createProfileTask {\n  createProfileTask(creationRequest: {serviceId: \"342\", endpointName: \"random_string_932\", startTime: null, duration: 2147483647, minDurationThreshold: 2147483647, dumpPeriod: 2147483647, maxSamplingCount: 2147483647}) {\n        errorReason\n  }\n}",
      "status_code": 200,
      "response": {
        "data": {
          "createProfileTask": {
            "errorReason": "The duration of the monitoring task cannot be greater than 15 minutes"
          }
        }
      }
    },
    {
      "operation": "mutation createProfileTask($creationRequest: ProfileTaskCreationRequest) {\n  createProfileTask(creationRequest: $creationRequest) {\n        errorReason\n  }\n}",
      "variables": {
        "creationRequest": {
          "serviceId": "327",
          "endpointName": "<script>alert(1)</script>",
          "startTime": null,
          "duration": 1,
          "minDurationThreshold": 6,
          "dumpPeriod": 7,
          "maxSamplingCount": 5
        }
      },
      "literal_query": "mutation createProfileTask {\n  createProfileTask(creationRequest: {serviceId: \"327\", endpointName: \"<script>alert(1)</script>\", startTime: null, duration: 1, minDurationThreshold: 6, dumpPeriod: 7, maxSamplingCount: 5}) {\n        errorReason\n  }\n}",
      "status_code": 200,
      "response": {
        "data": {
          "createProfileTask": {
            "errorReason": "dump period must be greater than or equals 10 milliseconds"
          }
        }
      }
    },
    {
      "operation": "mutation createProfileTask($creationRequest: ProfileTaskCreationRequest) {\n  createProfileTask(creationRequest: $creationRequest) {\n        errorReason\n  }\n}",
      "variables": {
        "creationRequest": {
          "serviceId": "307",
          "endpointName": "' OR 1=1 --",
          "startTime": null,
          "duration": 1,
          "minDurationThreshold": 4,
          "dumpPeriod": 9,
          "maxSamplingCount": 6
        }
      },
      "literal_query": "mutation createProfileTask {\n  createProfileTask(creationRequest: {serviceId: \"307\", endpointName: \"' OR 1=1 --\", startTime: null, duration: 1, minDurationThreshold: 4, dumpPeriod: 9, maxSamplingCount: 6}) {\n        errorReason\n  }\n}",
      "status_code": 200,
      "response": {
        "data": {
          "createProfileTask": {
            "errorReason": "dump period must be greater than or equals 10 milliseconds"
          }
        }
      }
    },
    {
      "operation": "mutation createProfileTask($creationRequest: ProfileTaskCreationRequest) {\n  createProfileTask(creationRequest: $creationRequest) {\n        errorReason\n  }\n}",
      "variables": {
        "creationRequest": {
          "serviceId": "31",
          "endpointName": "random_string_932",
          "startTime": null,
          "duration": 9,
          "minDurationThreshold": 4,
          "dumpPeriod": 1,
          "maxSamplingCount": 1
        }
      },
      "literal_query": "mutation createProfileTask {\n  createProfileTask(creationRequest: {serviceId: \"31\", endpointName: \"random_string_932\", startTime: null, duration: 9, minDurationThreshold: 4, dumpPeriod: 1, maxSamplingCount: 1}) {\n        errorReason\n  }\n}",
      "status_code": 200,
      "response": {
        "data": {
          "createProfileTask": {
            "errorReason": "dump period must be greater than or equals 10 milliseconds"
          }
        }
      }
    },
    {
      "operation": "mutation createProfileTask($creationRequest: ProfileTaskCreationRequest) {\n  createProfileTask(creationRequest: $creationRequest) {\n        errorReason\n  }\n}",
      "variables": {
        "creationRequest": {
          "serviceId": "861",
          "endpointName": "",
          "startTime": null,
          "duration": 8,
          "minDurationThreshold": 10,
          "dumpPeriod": 6,
          "maxSamplingCount": 8
        }
      },
      "literal_query": "mutation createProfileTask {\n  createProfileTask(creationRequest: {serviceId: \"861\", endpointName: \"\", startTime: null, duration: 8, minDurationThreshold: 10, dumpPeriod: 6, maxSamplingCount: 8}) {\n        errorReason\n  }\n}",
      "status_code": 200,
      "response": {
        "data": {
          "createProfileTask": {
            "errorReason": "endpoint name cannot be empty"
          }
        }
      }
    },
    {
      "operation": "mutation createProfileTask($creationRequest: ProfileTaskCreationRequest) {\n  createProfileTask(creationRequest: $creationRequest) {\n        errorReason\n  }\n}",
      "variables": {
        "creationRequest": {
          "serviceId": "10",
          "endpointName": "\u0000",
          "startTime": null,
          "duration": 8,
          "minDurationThreshold": 7,
          "dumpPeriod": 4,
          "maxSamplingCount": 6
        }
      },
      "literal_query": "mutation createProfileTask {\n  createProfileTask(creationRequest: {serviceId: \"10\", endpointName: \"\\u0000\", startTime: null, duration: 8, minDurationThreshold: 7, dumpPeriod: 4, maxSamplingCount: 6}) {\n        errorReason\n  }\n}",
      "status_code": 200,
      "response": {
        "data": {
          "createProfileTask": {
            "errorReason": "endpoint name cannot be empty"
          }
        }
      }
    },
    {
      "operation": "mutation createProfileTask($creationRequest: ProfileTaskCreationRequest) {\n  createProfileTask(creationRequest: $creationRequest) {\n        errorReason\n  }\n}",
      "variables": {
        "creationRequest": {
          "serviceId": "' OR 1=1 --",
          "endpointName": "random_string_853",
          "startTime": null,
          "duration": 6,
          "minDurationThreshold": 1,
          "dumpPeriod": 4,
          "maxSamplingCount": 8
        }
      },
      "literal_query": "mutation createProfileTask {\n  createProfileTask(creationRequest: {serviceId: \"' OR 1=1 --\", endpointName: \"random_string_853\", startTime: null, duration: 6, minDurationThreshold: 1, dumpPeriod: 4, maxSamplingCount: 8}) {\n        errorReason\n  }\n}",
      "status_code": 200,
      "response": {
        "data": {
          "createProfileTask": {
            "errorReason": "dump period must be greater than or equals 10 milliseconds"
          }
        }
      }
    },
    {
      "operation": "mutation createProfileTask($creationRequest: ProfileTaskCreationRequest) {\n  createProfileTask(creationRequest: $creationRequest) {\n        errorReason\n  }\n}",
      "variables": {
        "creationRequest": {
          "serviceId": "<script>alert(1)</script>",
          "endpointName": "random_string_778",
          "startTime": null,
          "duration": 2,
          "minDurationThreshold": 9,
          "dumpPeriod": 8,
          "maxSamplingCount": 2
        }
      },
      "literal_query": "mutation createProfileTask {\n  createProfileTask(creationRequest: {serviceId: \"<script>alert(1)</script>\", endpointName: \"random_string_778\", startTime: null, duration: 2, minDurationThreshold: 9, dumpPeriod: 8, maxSamplingCount: 2}) {\n        errorReason\n  }\n}",
      "status_code": 200,
      "response": {
        "data": {
          "createProfileTask": {
            "errorReason": "dump period must be greater than or equals 10 milliseconds"
          }
        }
      }
    },
    {
      "operation": "mutation createProfileTask($creationRequest: ProfileTaskCreationRequest) {\n  createProfileTask(creationRequest: $creationRequest) {\n        errorReason\n  }\n}",
      "variables": {
        "creationRequest": {
          "serviceId": 2147483647,
          "endpointName": "random_string_127",
          "startTime": null,
          "duration": 0,
          "minDurationThreshold": 7,
          "dumpPeriod": 4,
          "maxSamplingCount": 7
        }
      },
      "literal_query": "mutation createProfileTask {\n  createProfileTask(creationRequest: {serviceId: 2147483647, endpointName: \"random_string_127\", startTime: null, duration: 0, minDurationThreshold: 7, dumpPeriod: 4, maxSamplingCount: 7}) {\n        errorReason\n  }\n}",
      "status_code": 200,
      "response": {
        "data": {
          "createProfileTask": {
            "errorReason": "monitor duration must greater than 1 minutes"
          }
        }
      }
    },
    {
      "operation": "mutation createProfileTask($creationRequest: ProfileTaskCreationRequest) {\n  createProfileTask(creationRequest: $creationRequest) {\n        errorReason\n  }\n}",
      "variables": {
        "creationRequest": {
          "serviceId": "647",
          "endpointName": "random_string_445",
          "startTime": null,
          "duration": 3,
          "minDurationThreshold": 7,
          "dumpPeriod": 5,
          "maxSamplingCount": 0
        }
      },
      "literal_query": "mutation createProfileTask {\n  createProfileTask(creationRequest: {serviceId: \"647\", endpointName: \"random_string_445\", startTime: null, duration: 3, minDurationThreshold: 7, dumpPeriod: 5, maxSamplingCount: 0}) {\n        errorReason\n  }\n}",
      "status_code": 200,
      "response": {
        "data": {
          "createProfileTask": {
            "errorReason": "max sampling count must greater than zero"
          }
        }
      }
    },
    {
      "operation": "mutation createProfileTask($creationRequest: ProfileTaskCreationRequest) {\n  createProfileTask(creationRequest: $creationRequest) {\n        errorReason\n  }\n}",
      "variables": {
        "creationRequest": {
          "serviceId": "",
          "endpointName": "random_string_125",
          "startTime": null,
          "duration": 0,
          "minDurationThreshold": 8,
          "dumpPeriod": 1,
          "maxSamplingCount": 4
        }
      },
      "literal_query": "mutation createProfileTask {\n  createProfileTask(creationRequest: {serviceId: \"\", endpointName: \"random_string_125\", startTime: null, duration: 0, minDurationThreshold: 8, dumpPeriod: 1, maxSamplingCount: 4}) {\n        errorReason\n  }\n}",
      "status_code": 200,
      "response": {
        "data": {
          "createProfileTask": {
            "errorReason": "monitor duration must greater than 1 minutes"
          }
        }
      }
    },
    {
      "operation": "mutation createProfileTask($creationRequest: ProfileTaskCreationRequest) {\n  createProfileTask(creationRequest: $creationRequest) {\n        errorReason\n  }\n}",
      "variables": {
        "creationRequest": {
          "serviceId": "\u0000",
          "endpointName": "random_string_832",
          "startTime": null,
          "duration": 9,
          "minDurationThreshold": 7,
          "dumpPeriod": 6,
          "maxSamplingCount": 0
        }
      },
      "literal_query": "mutation createProfileTask {\n  createProfileTask(creationRequest: {serviceId: \"\\u0000\", endpointName: \"random_string_832\", startTime: null, duration: 9, minDurationThreshold: 7, dumpPeriod: 6, maxSamplingCount: 0}) {\n        errorReason\n  }\n}",
      "status_code": 200,
      "response": {
        "data": {
          "createProfileTask": {
            "errorReason": "max sampling count must greater than zero"
          }
        }
      }
    },
    {
      "operation": "mutation createProfileTask($creationRequest: ProfileTaskCreationRequest) {\n  createProfileTask(creationRequest: $creationRequest) {\n        errorReason\n  }\n}",
      "variables": {
        "creationRequest": {
          "serviceId": "136",
          "endpointName": "random_string_766",
          "startTime": 2147483647,
          "duration": 7,
          "minDurationThreshold": 3,
          "dumpPeriod": 9,
          "maxSamplingCount": 4
        }
      },
      "literal_query": "mutation createProfileTask {\n  createProfileTask(creationRequest: {serviceId: \"136\", endpointName: \"random_string_766\", startTime: 2147483647, duration: 7, minDurationThreshold: 3, dumpPeriod: 9, maxSamplingCount: 4}) {\n        errorReason\n  }\n}",
      "status_code": 200,
      "response": {
        "data": {
          "createProfileTask": {
            "errorReason": "dump period must be greater than or equals 10 milliseconds"
          }
        }
      }
    },
    {
      "operation": "mutation createProfileTask($creationRequest: ProfileTaskCreationRequest) {\n  createProfileTask(creationRequest: $creationRequest) {\n        errorReason\n  }\n}",
      "variables": {
        "creationRequest": {
          "serviceId": "317",
          "endpointName": "random_string_149",
          "startTime": "9223372036854775807",
          "duration": 3,
          "minDurationThreshold": 8,
          "dumpPeriod": 5,
          "maxSamplingCount": 2
        }
      },
      "literal_query": "mutation createProfileTask {\n  createProfileTask(creationRequest: {serviceId: \"317\", endpointName: \"random_string_149\", startTime: \"9223372036854775807\", duration: 3, minDurationThreshold: 8, dumpPeriod: 5, maxSamplingCount: 2}) {\n        errorReason\n  }\n}",
      "status_code": 200,
      "response": {
        "data": {
          "createProfileTask": {
            "errorReason": "dump period must be greater than or equals 10 milliseconds"
          }
        }
      }
    }
  ],
  "disableTemplate": [
    {
      "operation": "mutation disableTemplate($name: String!) {\n  disableTemplate(name: $name) {\n        status\n  }\n}",
      "variables": {
        "name": "random_string_660"
      },
      "literal_query": "mutation disableTemplate {\n  disableTemplate(name: \"random_string_660\") {\n        status\n  }\n}",
      "status_code": 200,
      "response": {
        "data": {
          "disableTemplate": {
            "status": false
          }
        }
      }
    },
    {
      "operation": "mutation disableTemplate($name: String!) {\n  disableTemplate(name: $name) {\n        status\n  }\n}",
      "variables": {
        "name": "<script>alert(1)</script>"
      },
      "literal_query": "mutation disableTemplate {\n  disableTemplate(name: \"<script>alert(1)</script>\") {\n        status\n  }\n}",
      "status_code": 200,
      "response": {
        "data": {
          "disableTemplate": {
            "status": false
          }
        }
      }
    },
    {
      "operation": "mutation disableTemplate($name: String!) {\n  disableTemplate(name: $name) {\n        status\n  }\n}",
      "variables": {
        "name": "' OR 1=1 --"
      },
      "literal_query": "mutation disableTemplate {\n  disableTemplate(name: \"' OR 1=1 --\") {\n        status\n  }\n}",
      "status_code": 200,
      "response": {
        "data": {
          "disableTemplate": {
            "status": false
          }
        }
      }
    },
    {
      "operation": "mutation disableTemplate($name: String!) {\n  disableTemplate(name: $name) {\n        status\n  }\n}",
      "variables": {
        "name": ""
      },
      "literal_query": "mutation disableTemplate {\n  disableTemplate(name: \"\") {\n        status\n  }\n}",
      "status_code": 200,
      "response": {
        "data": {
          "disableTemplate": {
            "status": false
          }
        }
      }
    },
    {
      "operation": "mutation disableTemplate($name: String!) {\n  disableTemplate(name: $name) {\n        status\n  }\n}",
      "variables": {
        "name": "\u0000"
      },
      "literal_query": "mutation disableTemplate {\n  disableTemplate(name: \"\\u0000\") {\n        status\n  }\n}",
      "status_code": 200,
      "response": {
        "data": {
          "disableTemplate": {
            "status": false
          }
        }
      }
    }
  ]
}