{
  "checkoutLinesAdd": [
    {
      "operation": "mutation checkoutLinesAdd($token: UUID, $checkoutId: ID, $lines: [CheckoutLineInput!]!, $id: ID) {\n  checkoutLinesAdd(lines: $lines, checkoutId: $checkoutId, id: $id, token: $token) {\n        checkout {\n      id\n    }\n  }\n}",
      "variables": {
        "lines": [
          {
            "quantity": 8,
            "variantId": "772",
            "metadata": [
              {
                "key": "<script>alert(1)</script>",
                "value": "<script>alert(1)</script>"
              }
            ],
            "price": null,
            "forceNewLine": null
          }
        ],
        "checkoutId": null,
        "id": null,
        "token": null
      },
      "error_message": "To access this path, you need one of the following permissions: HANDLE_CHECKOUTS"
    },
    {
      "operation": "mutation checkoutLinesAdd($token: UUID, $checkoutId: ID, $lines: [CheckoutLineInput!]!, $id: ID) {\n  checkoutLinesAdd(lines: $lines, checkoutId: $checkoutId, id: $id, token: $token) {\n        checkout {\n      id\n    }\n  }\n}",
      "variables": {
        "lines": [
          {
            "quantity": 8,
            "variantId": "772",
            "metadata": [
              {
                "key": "' OR 1=1 --",
                "value": "' OR 1=1 --"
              }
            ],
            "price": null,
            "forceNewLine": null
          }
        ],
        "checkoutId": null,
        "id": null,
        "token": null
      },
      "error_message": "To access this path, you need one of the following permissions: HANDLE_CHECKOUTS"
    },
    {
      "operation": "mutation checkoutLinesAdd($token: UUID, $checkoutId: ID, $lines: [CheckoutLineInput!]!, $id: ID) {\n  checkoutLinesAdd(lines: $lines, checkoutId: $checkoutId, id: $id, token: $token) {\n        checkout {\n      id\n    }\n  }\n}",
      "variables": {
        "lines": [
          {
            "quantity": 8,
            "variantId": "772",
            "metadata": [
              {
                "key": "random_string_506",
                "value": "random_string_652"
              }
            ],
            "price": null,
            "forceNewLine": null
          }
        ],
        "checkoutId": null,
        "id": null,
        "token": null
      },
      "error_message": "To access this path, you need one of the following permissions: HANDLE_CHECKOUTS"
    },
    {
      "operation": "mutation checkoutLinesAdd($token: UUID, $checkoutId: ID, $lines: [CheckoutLineInput!]!, $id: ID) {\n  checkoutLinesAdd(lines: $lines, checkoutId: $checkoutId, id: $id, token: $token) {\n        checkout {\n      id\n    }\n  }\n}",
      "variables": {
        "lines": [
          {
            "quantity": 8,
            "variantId": "772",
            "metadata": [
              {
                "key": 12345,
                "value": 12345
              }
            ],
            "price": null,
            "forceNewLine": null
          }
        ],
        "checkoutId": null,
        "id": null,
        "token": null
      },
      "error_message": "To access this path, you need one of the following permissions: HANDLE_CHECKOUTS"
    },
    {
      "operation": "mutation checkoutLinesAdd($token: UUID, $checkoutId: ID, $lines: [CheckoutLineInput!]!, $id: ID) {\n  checkoutLinesAdd(lines: $lines, checkoutId: $checkoutId, id: $id, token: $token) {\n        checkout {\n      id\n    }\n  }\n}",
      "variables": {
        "lines": [
          {
            "quantity": 8,
            "variantId": "772",
            "metadata": [
              {
                "key": true,
                "value": true
              }
            ],
            "price": null,
            "forceNewLine": null
          }
        ],
        "checkoutId": null,
        "id": null,
        "token": null
      },
      "error_message": "To access this path, you need one of the following permissions: HANDLE_CHECKOUTS"
    },
    {
      "operation": "mutation checkoutLinesAdd($token: UUID, $checkoutId: ID, $lines: [CheckoutLineInput!]!, $id: ID) {\n  checkoutLinesAdd(lines: $lines, checkoutId: $checkoutId, id: $id, token: $token) {\n        checkout {\n      id\n    }\n  }\n}",
      "variables": {
        "lines": [
          {
            "quantity": 8,
            "variantId": "772",
            "metadata": [
              {
                "key": "",
                "value": ""
              }
            ],
            "price": null,
            "forceNewLine": null
          }
        ],
        "checkoutId": null,
        "id": null,
        "token": null
      },
      "error_message": "To access this path, you need one of the following permissions: HANDLE_CHECKOUTS"
    },
    {
      "operation": "mutation checkoutLinesAdd($token: UUID, $checkoutId: ID, $lines: [CheckoutLineInput!]!, $id: ID) {\n  checkoutLinesAdd(lines: $lines, checkoutId: $checkoutId, id: $id, token: $token) {\n        checkout {\n      id\n    }\n  }\n}",
      "variables": {
        "lines": [
          {
            "quantity": 8,
            "variantId": "772",
            "metadata": [
              {
                "key": "random_string_990",
                "value": "random_string_387"
              }
            ],
            "price": null,
            "forceNewLine": null
          }
        ],
        "checkoutId": "' OR 1=1 --",
        "id": "' OR 1=1 --",
        "token": null
      },
      "error_message": "To access this path, you need one of the following permissions: HANDLE_CHECKOUTS"
    },
    {
      "operation": "mutation checkoutLinesAdd($token: UUID, $checkoutId: ID, $lines: [CheckoutLineInput!]!, $id: ID) {\n  checkoutLinesAdd(lines: $lines, checkoutId: $checkoutId, id: $id, token: $token) {\n        checkout {\n      id\n    }\n  }\n}",
      "variables": {
        "lines": [
          {
            "quantity": 8,
            "variantId": "772",
            "metadata": [
              {
                "key": "random_string_412",
                "value": "random_string_758"
              }
            ],
            "price": null,
            "forceNewLine": null
          }
        ],
        "checkoutId": "<script>alert(1)</script>",
        "id": "<script>alert(1)</script>",
        "token": null
      },
      "error_message": "To access this path, you need one of the following permissions: HANDLE_CHECKOUTS"
    },
    {
      "operation": "mutation checkoutLinesAdd($token: UUID, $checkoutId: ID, $lines: [CheckoutLineInput!]!, $id: ID) {\n  checkoutLinesAdd(lines: $lines, checkoutId: $checkoutId, id: $id, token: $token) {\n        checkout {\n      id\n    }\n  }\n}",
      "variables": {
        "lines": [
          {
            "quantity": 8,
            "variantId": "772",
            "metadata": [
              {
                "key": "random_string_74",
                "value": "random_string_460"
              }
            ],
            "price": null,
            "forceNewLine": null
          }
        ],
        "checkoutId": 2147483647,
        "id": 2147483647,
        "token": null
      },
      "error_message": "To access this path, you need one of the following permissions: HANDLE_CHECKOUTS"
    },
    {
      "operation": "mutation checkoutLinesAdd($token: UUID, $checkoutId: ID, $lines: [CheckoutLineInput!]!, $id: ID) {\n  checkoutLinesAdd(lines: $lines, checkoutId: $checkoutId, id: $id, token: $token) {\n        checkout {\n      id\n    }\n  }\n}",
      "variables": {
        "lines": [
          {
            "quantity": 8,
            "variantId": "772",
            "metadata": [
              {
                "key": "random_string_905",
                "value": "random_string_177"
              }
            ],
            "price": null,
            "forceNewLine": null
          }
        ],
        "checkoutId": "428",
        "id": "985",
        "token": null
      },
      "error_message": "To access this path, you need one of the following permissions: HANDLE_CHECKOUTS"
    },
    {
      "operation": "mutation checkoutLinesAdd($token: UUID, $checkoutId: ID, $lines: [CheckoutLineInput!]!, $id: ID) {\n  checkoutLinesAdd(lines: $lines, checkoutId: $checkoutId, id: $id, token: $token) {\n        checkout {\n      id\n    }\n  }\n}",
      "variables": {
        "lines": [
          {
            "quantity": 8,
            "variantId": "772",
            "metadata": [
              {
                "key": "random_string_995",
                "value": "random_string_896"
              }
            ],
            "price": null,
            "forceNewLine": null
          }
        ],
        "checkoutId": "",
        "id": "",
        "token": null
      },
      "error_message": "To access this path, you need one of the following permissions: HANDLE_CHECKOUTS"
    },
    {
      "operation": "mutation checkoutLinesAdd($token: UUID, $checkoutId: ID, $lines: [CheckoutLineInput!]!, $id: ID) {\n  checkoutLinesAdd(lines: $lines, checkoutId: $checkoutId, id: $id, token: $token) {\n        checkout {\n      id\n    }\n  }\n}",
      "variables": {
        "lines": [
          {
            "quantity": 8,
            "variantId": "772",
            "metadata": [
              {
                "key": "random_string_858",
                "value": "random_string_70"
              }
            ],
            "price": null,
            "forceNewLine": false
          }
        ],
        "checkoutId": null,
        "id": null,
        "token": null
      },
      "error_message": "To access this path, you need one of the following permissions: HANDLE_CHECKOUTS"
    },
    {
      "operation": "mutation checkoutLinesAdd($token: UUID, $checkoutId: ID, $lines: [CheckoutLineInput!]!, $id: ID) {\n  checkoutLinesAdd(lines: $lines, checkoutId: $checkoutId, id: $id, token: $token) {\n        checkout {\n      id\n    }\n  }\n}",
      "variables": {
        "lines": [
          {
            "quantity": 8,
            "variantId": "772",
            "metadata": [
              {
                "key": "random_string_109",
                "value": "random_string_792"
              }
            ],
            "price": null,
            "forceNewLine": "true' OR 1=1 --"
          }
        ],
        "checkoutId": null,
        "id": null,
        "token": null
      },
      "error_message": "To access this path, you need one of the following permissions: HANDLE_CHECKOUTS"
    }
  ],
  "orderCreateFromCheckout": [
    {
      "operation": "mutation orderCreateFromCheckout($id: ID!) {\n  orderCreateFromCheckout(id: $id) {\n        order {\n      id\n    }\n  }\n}",
      "variables": {
        "id": "308"
      },
      "error_message": "To access this path, you need one of the following permissions: HANDLE_CHECKOUTS"
    },
    {
      "operation": "mutation orderCreateFromCheckout($id: ID!) {\n  orderCreateFromCheckout(id: $id) {\n        order {\n      id\n    }\n  }\n}",
      "variables": {
        "id": "' OR 1=1 --"
      },
      "error_message": "To access this path, you need one of the following permissions: HANDLE_CHECKOUTS"
    },
    {
      "operation": "mutation orderCreateFromCheckout($id: ID!) {\n  orderCreateFromCheckout(id: $id) {\n        order {\n      id\n    }\n  }\n}",
      "variables": {
        "id": "<script>alert(1)</script>"
      },
      "error_message": "To access this path, you need one of the following permissions: HANDLE_CHECKOUTS"
    },
    {
      "operation": "mutation orderCreateFromCheckout($id: ID!) {\n  orderCreateFromCheckout(id: $id) {\n        order {\n      id\n    }\n  }\n}",
      "variables": {
        "id": 2147483647
      },
      "error_message": "To access this path, you need one of the following permissions: HANDLE_CHECKOUTS"
    },
    {
      "operation": "mutation orderCreateFromCheckout($id: ID!) {\n  orderCreateFromCheckout(id: $id) {\n        order {\n      id\n    }\n  }\n}",
      "variables": {
        "id": ""
      },
      "error_message": "To access this path, you need one of the following permissions: HANDLE_CHECKOUTS"
    },
    {
      "operation": "mutation orderCreateFromCheckout($id: ID!) {\n  orderCreateFromCheckout(id: $id) {\n        order {\n      id\n    }\n  }\n}",
      "variables": {
        "id": "\u0000"
      },
      "error_message": "To access this path, you need one of the following permissions: HANDLE_CHECKOUTS"
    },
    {
      "operation": "mutation orderCreateFromCheckout($removeCheckout: Boolean, $id: ID!, $privateMetadata: [MetadataInput!], $metadata: [MetadataInput!]) {\n  orderCreateFromCheckout(id: $id, metadata: $metadata, privateMetadata: $privateMetadata, removeCheckout: $removeCheckout) {\n        order {\n      id\n    }\n  }\n}",
      "variables": {
        "id": "749",
        "metadata": [
          {
            "key": "<script>alert(1)</script>",
            "value": "<script>alert(1)</script>"
          }
        ],
        "privateMetadata": [
          {
            "key": "<script>alert(1)</script>",
            "value": "<script>alert(1)</script>"
          }
        ],
        "removeCheckout": null
      },
      "error_message": "To access this path, you need one of the following permissions: HANDLE_CHECKOUTS"
    },
    {
      "operation": "mutation orderCreateFromCheckout($removeCheckout: Boolean, $id: ID!, $privateMetadata: [MetadataInput!], $metadata: [MetadataInput!]) {\n  orderCreateFromCheckout(id: $id, metadata: $metadata, privateMetadata: $privateMetadata, removeCheckout: $removeCheckout) {\n        order {\n      id\n    }\n  }\n}",
      "variables": {
        "id": "749",
        "metadata": [
          {
            "key": "' OR 1=1 --",
            "value": "' OR 1=1 --"
          }
        ],
        "privateMetadata": [
          {
            "key": "' OR 1=1 --",
            "value": "' OR 1=1 --"
          }
        ],
        "removeCheckout": null
      },
      "error_message": "To access this path, you need one of the following permissions: HANDLE_CHECKOUTS"
    },
    {
      "operation": "mutation orderCreateFromCheckout($removeCheckout: Boolean, $id: ID!, $privateMetadata: [MetadataInput!], $metadata: [MetadataInput!]) {\n  orderCreateFromCheckout(id: $id, metadata: $metadata, privateMetadata: $privateMetadata, removeCheckout: $removeCheckout) {\n        order {\n      id\n    }\n  }\n}",
      "variables": {
        "id": "749",
        "metadata": [
          {
            "key": "random_string_25",
            "value": "random_string_455"
          }
        ],
        "privateMetadata": [
          {
            "key": "random_string_973",
            "value": "random_string_595"
          }
        ],
        "removeCheckout": null
      },
      "error_message": "To access this path, you need one of the following permissions: HANDLE_CHECKOUTS"
    },
    {
      "operation": "mutation orderCreateFromCheckout($removeCheckout: Boolean, $id: ID!, $privateMetadata: [MetadataInput!], $metadata: [MetadataInput!]) {\n  orderCreateFromCheckout(id: $id, metadata: $metadata, privateMetadata: $privateMetadata, removeCheckout: $removeCheckout) {\n        order {\n      id\n    }\n  }\n}",
      "variables": {
        "id": "749",
        "metadata": [
          {
            "key": 12345,
            "value": 12345
          }
        ],
        "privateMetadata": [
          {
            "key": 12345,
            "value": 12345
          }
        ],
        "removeCheckout": null
      },
      "error_message": "To access this path, you need one of the following permissions: HANDLE_CHECKOUTS"
    },
    {
      "operation": "mutation orderCreateFromCheckout($removeCheckout: Boolean, $id: ID!, $privateMetadata: [MetadataInput!], $metadata: [MetadataInput!]) {\n  orderCreateFromCheckout(id: $id, metadata: $metadata, privateMetadata: $privateMetadata, removeCheckout: $removeCheckout) {\n        order {\n      id\n    }\n  }\n}",
      "variables": {
        "id": "749",
        "metadata": [
          {
            "key": true,
            "value": true
          }
        ],
        "privateMetadata": [
          {
            "key": true,
            "value": true
          }
        ],
        "removeCheckout": null
      },
      "error_message": "To access this path, you need one of the following permissions: HANDLE_CHECKOUTS"
    },
    {
      "operation": "mutation orderCreateFromCheckout($removeCheckout: Boolean, $id: ID!, $privateMetadata: [MetadataInput!], $metadata: [MetadataInput!]) {\n  orderCreateFromCheckout(id: $id, metadata: $metadata, privateMetadata: $privateMetadata, removeCheckout: $removeCheckout) {\n        order {\n      id\n    }\n  }\n}",
      "variables": {
        "id": "749",
        "metadata": [
          {
            "key": "",
            "value": ""
          }
        ],
        "privateMetadata": [
          {
            "key": "",
            "value": ""
          }
        ],
        "removeCheckout": null
      },
      "error_message": "To access this path, you need one of the following permissions: HANDLE_CHECKOUTS"
    },
    {
      "operation": "mutation orderCreateFromCheckout($removeCheckout: Boolean, $id: ID!, $privateMetadata: [MetadataInput!], $metadata: [MetadataInput!]) {\n  orderCreateFromCheckout(id: $id, metadata: $metadata, privateMetadata: $privateMetadata, removeCheckout: $removeCheckout) {\n        order {\n      id\n    }\n  }\n}",
      "variables": {
        "id": "749",
        "metadata": [
          {
            "key": "random_string_363",
            "value": "random_string_757"
          }
        ],
        "privateMetadata": [
          {
            "key": "random_string_557",
            "value": "random_string_784"
          }
        ],
        "removeCheckout": true
      },
      "error_message": "To access this path, you need one of the following permissions: HANDLE_CHECKOUTS"
    },
    {
      "operation": "mutation orderCreateFromCheckout($removeCheckout: Boolean, $id: ID!, $privateMetadata: [MetadataInput!], $metadata: [MetadataInput!]) {\n  orderCreateFromCheckout(id: $id, metadata: $metadata, privateMetadata: $privateMetadata, removeCheckout: $removeCheckout) {\n        order {\n      id\n    }\n  }\n}",
      "variables": {
        "id": "749",
        "metadata": [
          {
            "key": "random_string_681",
            "value": "random_string_660"
          }
        ],
        "privateMetadata": [
          {
            "key": "random_string_404",
            "value": "random_string_32"
          }
        ],
        "removeCheckout": "true' OR 1=1 --"
      },
      "error_message": "To access this path, you need one of the following permissions: HANDLE_CHECKOUTS"
    }
  ]
}