{
  "updateCategory": [
    {
      "operation": "mutation updateCategory($input: UpdateCategoryInput!) {\n  updateCategory(input: $input) {\n    category {\n  posts(first: 1) {\n    nodes {\n      id\n    }\n  }\n  id\n  taxonomy {\n    node {\n      id\n    }\n  }\n  name\n}\n  }\n}",
      "variables": {
        "input": {
          "id": "dGVybTox",
          "aliasOf": "random_string_798",
          "clientMutationId": "random_string_106",
          "description": "random_string_451",
          "name": "random_string_758",
          "parentId": null,
          "slug": "random_string_983"
        }
      },
      "error_message": "You do not have permission to update categories"
    },
    {
      "operation": "mutation updateCategory($input: UpdateCategoryInput!) {\n  updateCategory(input: $input) {\n    category {\n  posts(first: 1) {\n    nodes {\n      id\n    }\n  }\n  id\n  taxonomy {\n    node {\n      id\n    }\n  }\n  name\n}\n  }\n}",
      "variables": {
        "input": {
          "id": "dGVybTox",
          "aliasOf": null,
          "clientMutationId": null,
          "description": null,
          "name": null,
          "parentId": "635",
          "slug": null
        }
      },
      "error_message": "You do not have permission to update categories"
    },
    {
      "operation": "mutation updateCategory($input: UpdateCategoryInput!) {\n  updateCategory(input: $input) {\n    category {\n  posts(first: 1) {\n    nodes {\n      id\n    }\n  }\n  id\n  taxonomy {\n    node {\n      id\n    }\n  }\n  name\n}\n  }\n}",
      "variables": {
        "input": {
          "id": "dGVybTox",
          "aliasOf": "random_string_133",
          "clientMutationId": "random_string_400",
          "description": "random_string_359",
          "name": "random_string_407",
          "parentId": null,
          "slug": "random_string_584"
        }
      },
      "error_message": "You do not have permission to update categories"
    },
    {
      "operation": "mutation updateCategory($input: UpdateCategoryInput!) {\n  updateCategory(input: $input) {\n    category {\n  posts(first: 1) {\n    nodes {\n      id\n    }\n  }\n  id\n  taxonomy {\n    node {\n      id\n    }\n  }\n  name\n}\n  }\n}",
      "variables": {
        "input": {
          "id": "dGVybTox",
          "aliasOf": null,
          "clientMutationId": null,
          "description": null,
          "name": null,
          "parentId": "796",
          "slug": null
        }
      },
      "error_message": "You do not have permission to update categories"
    },
    {
      "operation": "mutation updateCategory($input: UpdateCategoryInput!) {\n  updateCategory(input: $input) {\n    category {\n  posts(first: 1) {\n    nodes {\n      id\n    }\n  }\n  id\n  taxonomy {\n    node {\n      id\n    }\n  }\n  name\n}\n  }\n}",
      "variables": {
        "input": {
          "id": "dGVybTox",
          "aliasOf": "random_string_54",
          "clientMutationId": "random_string_620",
          "description": "random_string_270",
          "name": "random_string_491",
          "parentId": null,
          "slug": "random_string_869"
        }
      },
      "error_message": "You do not have permission to update categories"
    },
    {
      "operation": "mutation updateCategory($input: UpdateCategoryInput!) {\n  updateCategory(input: $input) {\n    category {\n  posts(first: 1) {\n    nodes {\n      id\n    }\n  }\n  id\n  taxonomy {\n    node {\n      id\n    }\n  }\n  name\n}\n  }\n}",
      "variables": {
        "input": {
          "id": "dGVybTox",
          "aliasOf": null,
          "clientMutationId": null,
          "description": null,
          "name": null,
          "parentId": "308",
          "slug": null
        }
      },
      "error_message": "You do not have permission to update categories"
    },
    {
      "operation": "mutation updateCategory($input: UpdateCategoryInput!) {\n  updateCategory(input: $input) {\n    category {\n  posts(first: 1) {\n    nodes {\n      id\n    }\n  }\n  id\n  taxonomy {\n    node {\n      id\n    }\n  }\n  name\n}\n  }\n}",
      "variables": {
        "input": {
          "id": "dGVybTox",
          "aliasOf": "random_string_822",
          "clientMutationId": "random_string_870",
          "description": "random_string_562",
          "name": "random_string_364",
          "parentId": null,
          "slug": "random_string_183"
        }
      },
      "error_message": "You do not have permission to update categories"
    },
    {
      "operation": "mutation updateCategory($input: UpdateCategoryInput!) {\n  updateCategory(input: $input) {\n    category {\n  posts(first: 1) {\n    nodes {\n      id\n    }\n  }\n  id\n  taxonomy {\n    node {\n      id\n    }\n  }\n  name\n}\n  }\n}",
      "variables": {
        "input": {
          "id": "dGVybTox",
          "aliasOf": null,
          "clientMutationId": null,
          "description": null,
          "name": null,
          "parentId": "292",
          "slug": null
        }
      },
      "error_message": "You do not have permission to update categories"
    },
    {
      "operation": "mutation updateCategory($input: UpdateCategoryInput!) {\n  updateCategory(input: $input) {\n    category {\n  posts(first: 1) {\n    nodes {\n      id\n    }\n  }\n  id\n  taxonomy {\n    node {\n      id\n    }\n  }\n  name\n}\n  }\n}",
      "variables": {
        "input": {
          "id": "dGVybTox",
          "aliasOf": "random_string_529",
          "clientMutationId": "random_string_394",
          "description": "random_string_438",
          "name": "random_string_580",
          "parentId": null,
          "slug": "random_string_97"
        }
      },
      "error_message": "You do not have permission to update categories"
    },
    {
      "operation": "mutation updateCategory($input: UpdateCategoryInput!) {\n  updateCategory(input: $input) {\n    category {\n  posts(first: 1) {\n    nodes {\n      id\n    }\n  }\n  id\n  taxonomy {\n    node {\n      id\n    }\n  }\n  name\n}\n  }\n}",
      "variables": {
        "input": {
          "id": "dGVybTox",
          "aliasOf": null,
          "clientMutationId": null,
          "description": null,
          "name": null,
          "parentId": "478",
          "slug": null
        }
      },
      "error_message": "You do not have permission to update categories"
    },
    {
      "operation": "mutation updateCategory($input: UpdateCategoryInput!) {\n  updateCategory(input: $input) {\n      clientMutationId\n  }\n}",
      "variables": {
        "input": {
          "id": "dGVybTox",
          "aliasOf": "<script>alert(1)</script>",
          "clientMutationId": "<script>alert(1)</script>",
          "description": "<script>alert(1)</script>",
          "name": "<script>alert(1)</script>",
          "parentId": null,
          "slug": "<script>alert(1)</script>"
        }
      },
      "error_message": "You do not have permission to update categories"
    },
    {
      "operation": "mutation updateCategory($input: UpdateCategoryInput!) {\n  updateCategory(input: $input) {\n      clientMutationId\n  }\n}",
      "variables": {
        "input": {
          "id": "dGVybTox",
          "aliasOf": "' OR 1=1 --",
          "clientMutationId": "' OR 1=1 --",
          "description": "' OR 1=1 --",
          "name": "' OR 1=1 --",
          "parentId": null,
          "slug": "' OR 1=1 --"
        }
      },
      "error_message": "You do not have permission to update categories"
    },
    {
      "operation": "mutation updateCategory($input: UpdateCategoryInput!) {\n  updateCategory(input: $input) {\n      clientMutationId\n  }\n}",
      "variables": {
        "input": {
          "id": "dGVybTox",
          "aliasOf": "",
          "clientMutationId": "",
          "description": "",
          "name": "",
          "parentId": null,
          "slug": ""
        }
      },
      "error_message": "You do not have permission to update categories"
    },
    {
      "operation": "mutation updateCategory($input: UpdateCategoryInput!) {\n  updateCategory(input: $input) {\n      clientMutationId\n  }\n}",
      "variables": {
        "input": {
          "id": "dGVybTox",
          "aliasOf": null,
          "clientMutationId": null,
          "description": null,
          "name": null,
          "parentId": "' OR 1=1 --",
          "slug": null
        }
      },
      "error_message": "You do not have permission to update categories"
    },
    {
      "operation": "mutation updateCategory($input: UpdateCategoryInput!) {\n  updateCategory(input: $input) {\n      clientMutationId\n  }\n}",
      "variables": {
        "input": {
          "id": "dGVybTox",
          "aliasOf": null,
          "clientMutationId": null,
          "description": null,
          "name": null,
          "parentId": "<script>alert(1)</script>",
          "slug": null
        }
      },
      "error_message": "You do not have permission to update categories"
    },
    {
      "operation": "mutation updateCategory($input: UpdateCategoryInput!) {\n  updateCategory(input: $input) {\n      clientMutationId\n  }\n}",
      "variables": {
        "input": {
          "id": "dGVybTox",
          "aliasOf": null,
          "clientMutationId": null,
          "description": null,
          "name": null,
          "parentId": 2147483647,
          "slug": null
        }
      },
      "error_message": "You do not have permission to update categories"
    },
    {
      "operation": "mutation updateCategory($input: UpdateCategoryInput!) {\n  updateCategory(input: $input) {\n      clientMutationId\n  }\n}",
      "variables": {
        "input": {
          "id": "dGVybTox",
          "aliasOf": null,
          "clientMutationId": null,
          "description": null,
          "name": null,
          "parentId": "",
          "slug": null
        }
      },
      "error_message": "You do not have permission to update categories"
    }
  ],
  "deleteCategory": [
    {
      "operation": "mutation deleteCategory($input: DeleteCategoryInput!) {\n  deleteCategory(input: $input) {\n    category {\n  posts(first: 1) {\n    nodes {\n      id\n    }\n  }\n  name\n  taxonomy {\n    node {\n      id\n    }\n  }\n  id\n}\n  }\n}",
      "variables": {
        "input": {
          "id": "dGVybTox",
          "clientMutationId": "random_string_391"
        }
      },
      "error_message": "You do not have permission to delete categories"
    },
    {
      "operation": "mutation deleteCategory($input: DeleteCategoryInput!) {\n  deleteCategory(input: $input) {\n    category {\n  posts(first: 1) {\n    nodes {\n      id\n    }\n  }\n  name\n  taxonomy {\n    node {\n      id\n    }\n  }\n  id\n}\n  }\n}",
      "variables": {
        "input": {
          "id": "dGVybTox",
          "clientMutationId": "random_string_719"
        }
      },
      "error_message": "You do not have permission to delete categories"
    },
    {
      "operation": "mutation deleteCategory($input: DeleteCategoryInput!) {\n  deleteCategory(input: $input) {\n    category {\n  posts(first: 1) {\n    nodes {\n      id\n    }\n  }\n  name\n  taxonomy {\n    node {\n      id\n    }\n  }\n  id\n}\n  }\n}",
      "variables": {
        "input": {
          "id": "dGVybTox",
          "clientMutationId": "random_string_717"
        }
      },
      "error_message": "You do not have permission to delete categories"
    },
    {
      "operation": "mutation deleteCategory($input: DeleteCategoryInput!) {\n  deleteCategory(input: $input) {\n    category {\n  posts(first: 1) {\n    nodes {\n      id\n    }\n  }\n  name\n  taxonomy {\n    node {\n      id\n    }\n  }\n  id\n}\n  }\n}",
      "variables": {
        "input": {
          "id": "dGVybTox",
          "clientMutationId": "random_string_168"
        }
      },
      "error_message": "You do not have permission to delete categories"
    },
    {
      "operation": "mutation deleteCategory($input: DeleteCategoryInput!) {\n  deleteCategory(input: $input) {\n    category {\n  posts(first: 1) {\n    nodes {\n      id\n    }\n  }\n  name\n  taxonomy {\n    node {\n      id\n    }\n  }\n  id\n}\n  }\n}",
      "variables": {
        "input": {
          "id": "dGVybTox",
          "clientMutationId": "random_string_911"
        }
      },
      "error_message": "You do not have permission to delete categories"
    },
    {
      "operation": "mutation deleteCategory($input: DeleteCategoryInput!) {\n  deleteCategory(input: $input) {\n      clientMutationId\n  }\n}",
      "variables": {
        "input": {
          "id": "dGVybTox",
          "clientMutationId": "<script>alert(1)</script>"
        }
      },
      "error_message": "You do not have permission to delete categories"
    },
    {
      "operation": "mutation deleteCategory($input: DeleteCategoryInput!) {\n  deleteCategory(input: $input) {\n      clientMutationId\n  }\n}",
      "variables": {
        "input": {
          "id": "dGVybTox",
          "clientMutationId": "' OR 1=1 --"
        }
      },
      "error_message": "You do not have permission to delete categories"
    },
    {
      "operation": "mutation deleteCategory($input: DeleteCategoryInput!) {\n  deleteCategory(input: $input) {\n      clientMutationId\n  }\n}",
      "variables": {
        "input": {
          "id": "dGVybTox",
          "clientMutationId": ""
        }
      },
      "error_message": "You do not have permission to delete categories"
    }
  ]
}